,Id,ActivityDate,ActivityDay,TotalSteps,TotalDistance,TrackerDistance,LoggedActivitiesDistance,VeryActiveDistance,ModeratelyActiveDistance,LightActiveDistance,SedentaryActiveDistance,VeryActiveMinutes,FairlyActiveMinutes,LightlyActiveMinutes,SedentaryMinutes,Calories
0,1503960366,4/12/2016,Tue,13162,8.5,8.5,0.0,1.879999995,0.550000012,6.059999943,0.0,25,13,328,728,1985
1,1503960366,4/13/2016,Wed,10735,6.96999979,6.96999979,0.0,1.570000052,0.689999998,4.710000038,0.0,21,19,217,776,1797
2,1503960366,4/14/2016,Thu,10460,6.739999771,6.739999771,0.0,2.440000057,0.400000006,3.910000086,0.0,30,11,181,1218,1776
3,1503960366,4/15/2016,Fri,9762,6.28000021,6.28000021,0.0,2.140000105,1.25999999,2.829999924,0.0,29,34,209,726,1745
4,1503960366,4/16/2016,Sat,12669,8.159999847,8.159999847,0.0,2.710000038,0.409999996,5.039999962,0.0,36,10,221,773,1863
5,1503960366,4/17/2016,Sun,9705,6.480000019,6.480000019,0.0,3.190000057,0.779999971,2.50999999,0.0,38,20,164,539,1728
6,1503960366,4/18/2016,Mon,13019,8.590000153,8.590000153,0.0,3.25,0.639999986,4.710000038,0.0,42,16,233,1149,1921
7,1503960366,4/19/2016,Tue,15506,9.880000114,9.880000114,0.0,3.529999971,1.320000052,5.03000021,0.0,50,31,264,775,2035
8,1503960366,4/20/2016,Wed,10544,6.679999828,6.679999828,0.0,1.960000038,0.479999989,4.239999771,0.0,28,12,205,818,1786
9,1503960366,4/21/2016,Thu,9819,6.340000153,6.340000153,0.0,1.340000033,0.349999994,4.650000095,0.0,19,8,211,838,1775
10,1503960366,4/22/2016,Fri,12764,8.130000114,8.130000114,0.0,4.760000229,1.120000005,2.24000001,0.0,66,27,130,1217,1827
11,1503960366,4/23/2016,Sat,14371,9.039999962,9.039999962,0.0,2.809999943,0.870000005,5.360000134,0.0,41,21,262,732,1949
12,1503960366,4/24/2016,Sun,10039,6.409999847,6.409999847,0.0,2.920000076,0.209999993,3.279999971,0.0,39,5,238,709,1788
13,1503960366,4/25/2016,Mon,15355,9.800000191,9.800000191,0.0,5.289999962,0.569999993,3.940000057,0.0,73,14,216,814,2013
14,1503960366,4/26/2016,Tue,13755,8.789999962,8.789999962,0.0,2.329999924,0.920000017,5.539999962,0.0,31,23,279,833,1970
15,1503960366,4/27/2016,Wed,18134,12.21000004,12.21000004,0.0,6.400000095,0.409999996,5.409999847,0.0,78,11,243,1108,2159
16,1503960366,4/28/2016,Thu,13154,8.529999733,8.529999733,0.0,3.539999962,1.159999967,3.789999962,0.0,48,28,189,782,1898
17,1503960366,4/29/2016,Fri,11181,7.150000095,7.150000095,0.0,1.059999943,0.5,5.579999924,0.0,16,12,243,815,1837
18,1503960366,4/30/2016,Sat,14673,9.25,9.25,0.0,3.559999943,1.419999957,4.269999981,0.0,52,34,217,712,1947
19,1503960366,5/1/2016,Sun,10602,6.809999943,6.809999943,0.0,2.289999962,1.600000024,2.920000076,0.0,33,35,246,730,1820
20,1503960366,5/2/2016,Mon,14727,9.710000038,9.710000038,0.0,3.210000038,0.569999993,5.920000076,0.0,41,15,277,798,2004
21,1503960366,5/3/2016,Tue,15103,9.659999847,9.659999847,0.0,3.730000019,1.049999952,4.880000114,0.0,50,24,254,816,1990
22,1503960366,5/4/2016,Wed,11100,7.150000095,7.150000095,0.0,2.460000038,0.870000005,3.819999933,0.0,36,22,203,1179,1819
23,1503960366,5/5/2016,Thu,14070,8.899999619,8.899999619,0.0,2.920000076,1.080000043,4.880000114,0.0,45,24,250,857,1959
24,1503960366,5/6/2016,Fri,12159,8.029999733,8.029999733,0.0,1.970000029,0.25,5.809999943,0.0,24,6,289,754,1896
25,1503960366,5/7/2016,Sat,11992,7.710000038,7.710000038,0.0,2.460000038,2.119999886,3.130000114,0.0,37,46,175,833,1821
26,1503960366,5/8/2016,Sun,10060,6.579999924,6.579999924,0.0,3.529999971,0.319999993,2.730000019,0.0,44,8,203,574,1740
27,1503960366,5/9/2016,Mon,12022,7.71999979,7.71999979,0.0,3.450000048,0.529999971,3.74000001,0.0,46,11,206,835,1819
28,1503960366,5/10/2016,Tue,12207,7.769999981,7.769999981,0.0,3.349999905,1.159999967,3.25999999,0.0,46,31,214,746,1859
29,1503960366,5/11/2016,Wed,12770,8.130000114,8.130000114,0.0,2.559999943,1.00999999,4.550000191,0.0,36,23,251,669,1783
31,1624580081,4/12/2016,Tue,8163,5.309999943,5.309999943,0.0,0.0,0.0,5.309999943,0.0,0,0,146,1294,1432
32,1624580081,4/13/2016,Wed,7007,4.550000191,4.550000191,0.0,0.0,0.0,4.550000191,0.0,0,0,148,1292,1411
33,1624580081,4/14/2016,Thu,9107,5.920000076,5.920000076,0.0,0.0,0.0,5.909999847,0.01,0,0,236,1204,1572
34,1624580081,4/15/2016,Fri,1510,0.980000019,0.980000019,0.0,0.0,0.0,0.970000029,0.0,0,0,96,1344,1344
35,1624580081,4/16/2016,Sat,5370,3.49000001,3.49000001,0.0,0.0,0.0,3.49000001,0.0,0,0,176,1264,1463
36,1624580081,4/17/2016,Sun,6175,4.059999943,4.059999943,0.0,1.029999971,1.519999981,1.49000001,0.01,15,22,127,1276,1554
37,1624580081,4/18/2016,Mon,10536,7.409999847,7.409999847,0.0,2.150000095,0.620000005,4.619999886,0.01,17,7,202,1214,1604
38,1624580081,4/19/2016,Tue,2916,1.899999976,1.899999976,0.0,0.0,0.0,1.899999976,0.0,0,0,141,1299,1435
39,1624580081,4/20/2016,Wed,4974,3.230000019,3.230000019,0.0,0.0,0.0,3.230000019,0.0,0,0,151,1289,1446
40,1624580081,4/21/2016,Thu,6349,4.130000114,4.130000114,0.0,0.0,0.0,4.110000134,0.02,0,0,186,1254,1467
41,1624580081,4/22/2016,Fri,4026,2.619999886,2.619999886,0.0,0.0,0.0,2.599999905,0.0,0,0,199,1241,1470
42,1624580081,4/23/2016,Sat,8538,5.550000191,5.550000191,0.0,0.0,0.0,5.539999962,0.01,0,0,227,1213,1562
43,1624580081,4/24/2016,Sun,6076,3.950000048,3.950000048,0.0,1.149999976,0.910000026,1.889999986,0.0,16,18,185,1221,1617
44,1624580081,4/25/2016,Mon,6497,4.21999979,4.21999979,0.0,0.0,0.0,4.199999809,0.02,0,0,202,1238,1492
45,1624580081,4/26/2016,Tue,2826,1.840000033,1.840000033,0.0,0.0,0.0,1.830000043,0.01,0,0,140,1300,1402
46,1624580081,4/27/2016,Wed,8367,5.440000057,5.440000057,0.0,1.110000014,1.870000005,2.460000038,0.0,17,36,154,1233,1670
47,1624580081,4/28/2016,Thu,2759,1.789999962,1.789999962,0.0,0.0,0.200000003,1.600000024,0.0,0,5,115,1320,1401
48,1624580081,4/29/2016,Fri,2390,1.549999952,1.549999952,0.0,0.0,0.0,1.549999952,0.0,0,0,150,1290,1404
49,1624580081,4/30/2016,Sat,6474,4.300000191,4.300000191,0.0,0.899999976,1.279999971,2.119999886,0.01,11,23,224,1182,1655
50,1624580081,5/1/2016,Sun,36019,28.03000069,28.03000069,0.0,21.92000008,4.190000057,1.909999967,0.02,186,63,171,1020,2690
51,1624580081,5/2/2016,Mon,7155,4.929999828,4.929999828,0.0,0.860000014,0.589999974,3.470000029,0.0,7,6,166,1261,1497
52,1624580081,5/3/2016,Tue,2100,1.370000005,1.370000005,0.0,0.0,0.0,1.340000033,0.02,0,0,96,1344,1334
53,1624580081,5/4/2016,Wed,2193,1.429999948,1.429999948,0.0,0.0,0.0,1.419999957,0.0,0,0,118,1322,1368
54,1624580081,5/5/2016,Thu,2470,1.610000014,1.610000014,0.0,0.0,0.0,1.580000043,0.02,0,0,117,1323,1370
55,1624580081,5/6/2016,Fri,1727,1.120000005,1.120000005,0.0,0.0,0.0,1.120000005,0.01,0,0,102,1338,1341
56,1624580081,5/7/2016,Sat,2104,1.370000005,1.370000005,0.0,0.0,0.0,1.370000005,0.0,0,0,182,1258,1474
57,1624580081,5/8/2016,Sun,3427,2.230000019,2.230000019,0.0,0.0,0.0,2.220000029,0.0,0,0,152,1288,1427
58,1624580081,5/9/2016,Mon,1732,1.129999995,1.129999995,0.0,0.0,0.0,1.129999995,0.0,0,0,91,1349,1328
59,1624580081,5/10/2016,Tue,2969,1.929999948,1.929999948,0.0,0.0,0.0,1.919999957,0.01,0,0,139,1301,1393
60,1624580081,5/11/2016,Wed,3134,2.039999962,2.039999962,0.0,0.0,0.0,2.039999962,0.0,0,0,112,1328,1359
61,1624580081,5/12/2016,Thu,2971,1.929999948,1.929999948,0.0,0.0,0.0,1.919999957,0.01,0,0,107,890,1002
62,1644430081,4/12/2016,Tue,10694,7.769999981,7.769999981,0.0,0.140000001,2.299999952,5.329999924,0.0,2,51,256,1131,3199
63,1644430081,4/13/2016,Wed,8001,5.820000172,5.820000172,0.0,2.279999971,0.899999976,2.640000105,0.0,30,16,135,1259,2902
64,1644430081,4/14/2016,Thu,11037,8.020000458,8.020000458,0.0,0.360000014,2.559999943,5.099999905,0.0,5,58,252,1125,3226
65,1644430081,4/15/2016,Fri,5263,3.829999924,3.829999924,0.0,0.219999999,0.150000006,3.450000048,0.0,3,4,170,1263,2750
66,1644430081,4/16/2016,Sat,15300,11.11999989,11.11999989,0.0,4.099999905,1.879999995,5.090000153,0.0,51,42,212,1135,3493
67,1644430081,4/17/2016,Sun,8757,6.369999886,6.369999886,0.0,2.25,0.569999993,3.549999952,0.0,29,13,186,1212,3011
68,1644430081,4/18/2016,Mon,7132,5.190000057,5.190000057,0.0,1.070000052,1.669999957,2.450000048,0.0,15,33,121,1271,2806
69,1644430081,4/19/2016,Tue,11256,8.180000305,8.180000305,0.0,0.360000014,2.529999971,5.300000191,0.0,5,58,278,1099,3300
70,1644430081,4/20/2016,Wed,2436,1.769999981,1.769999981,0.0,0.0,0.0,1.75999999,0.01,0,0,125,1315,2430
71,1644430081,4/21/2016,Thu,1223,0.889999986,0.889999986,0.0,0.0,0.0,0.879999995,0.01,0,0,38,1402,2140
72,1644430081,4/22/2016,Fri,3673,2.670000076,2.670000076,0.0,0.0,0.0,2.660000086,0.01,0,0,86,1354,2344
73,1644430081,4/23/2016,Sat,6637,4.829999924,4.829999924,0.0,0.0,0.579999983,4.25,0.0,0,15,160,1265,2677
74,1644430081,4/24/2016,Sun,3321,2.410000086,2.410000086,0.0,0.0,0.0,2.410000086,0.0,0,0,89,1351,2413
75,1644430081,4/25/2016,Mon,3580,2.599999905,2.599999905,0.0,0.589999974,0.059999999,1.950000048,0.0,8,1,94,1337,2497
76,1644430081,4/26/2016,Tue,9919,7.210000038,7.210000038,0.0,0.800000012,1.720000029,4.690000057,0.0,11,41,223,1165,3123
77,1644430081,4/27/2016,Wed,3032,2.200000048,2.200000048,0.0,0.0,0.0,2.200000048,0.0,0,0,118,1322,2489
78,1644430081,4/28/2016,Thu,9405,6.840000153,6.840000153,0.0,0.200000003,2.319999933,4.309999943,0.0,3,53,227,1157,3108
79,1644430081,4/29/2016,Fri,3176,2.309999943,2.309999943,0.0,0.0,0.0,2.309999943,0.0,0,0,120,1193,2498
80,1644430081,4/30/2016,Sat,18213,13.23999977,13.23999977,0.0,0.629999995,3.140000105,9.460000038,0.0,9,71,402,816,3846
81,1644430081,5/1/2016,Sun,6132,4.460000038,4.460000038,0.0,0.239999995,0.99000001,3.230000019,0.0,3,24,146,908,2696
82,1644430081,5/2/2016,Mon,3758,2.730000019,2.730000019,0.0,0.07,0.310000002,2.349999905,0.0,1,7,148,682,2580
83,1644430081,5/3/2016,Tue,12850,9.340000153,9.340000153,0.0,0.720000029,4.090000153,4.539999962,0.0,10,94,221,1115,3324
84,1644430081,5/4/2016,Wed,2309,1.679999948,1.679999948,0.0,0.0,0.0,1.659999967,0.02,0,0,52,1388,2222
85,1644430081,5/5/2016,Thu,4363,3.190000057,3.190000057,0.0,0.519999981,0.540000021,2.130000114,0.01,6,12,81,1341,2463
86,1644430081,5/6/2016,Fri,9787,7.119999886,7.119999886,0.0,0.819999993,0.270000011,6.010000229,0.02,11,6,369,1054,3328
87,1644430081,5/7/2016,Sat,13372,9.720000267,9.720000267,0.0,3.25999999,0.790000021,5.670000076,0.01,41,17,243,1139,3404
88,1644430081,5/8/2016,Sun,6724,4.889999866,4.889999866,0.0,0.0,0.0,4.880000114,0.0,0,0,295,991,2987
89,1644430081,5/9/2016,Mon,6643,4.829999924,4.829999924,0.0,2.390000105,0.349999994,2.089999914,0.01,32,6,303,1099,3008
90,1644430081,5/10/2016,Tue,9167,6.659999847,6.659999847,0.0,0.879999995,0.810000002,4.96999979,0.01,12,19,155,1254,2799
91,1644430081,5/11/2016,Wed,1329,0.970000029,0.970000029,0.0,0.0,0.0,0.949999988,0.01,0,0,49,713,1276
92,1844505072,4/12/2016,Tue,6697,4.429999828,4.429999828,0.0,0.0,0.0,4.429999828,0.0,0,0,339,1101,2030
93,1844505072,4/13/2016,Wed,4929,3.25999999,3.25999999,0.0,0.0,0.0,3.25999999,0.0,0,0,248,1192,1860
94,1844505072,4/14/2016,Thu,7937,5.25,5.25,0.0,0.0,0.0,5.230000019,0.0,0,0,373,843,2130
95,1844505072,4/15/2016,Fri,3844,2.539999962,2.539999962,0.0,0.0,0.0,2.539999962,0.0,0,0,176,527,1725
96,1844505072,4/16/2016,Sat,3414,2.25999999,2.25999999,0.0,0.0,0.0,2.25999999,0.0,0,0,147,1293,1657
97,1844505072,4/17/2016,Sun,4525,2.99000001,2.99000001,0.0,0.140000001,0.25999999,2.589999914,0.0,2,8,199,1231,1793
98,1844505072,4/18/2016,Mon,4597,3.039999962,3.039999962,0.0,0.0,0.479999989,2.559999943,0.0,0,12,217,1211,1814
101,1844505072,4/21/2016,Thu,8054,5.320000172,5.320000172,0.0,0.119999997,0.519999981,4.679999828,0.0,2,13,308,1117,2062
102,1844505072,4/22/2016,Fri,5372,3.549999952,3.549999952,0.0,0.0,0.0,3.549999952,0.0,0,0,220,1220,1827
103,1844505072,4/23/2016,Sat,3570,2.359999895,2.359999895,0.0,0.0,0.0,2.359999895,0.0,0,0,139,1301,1645
108,1844505072,4/28/2016,Thu,6907,4.570000172,4.570000172,0.0,0.0,0.0,4.559999943,0.0,0,0,302,1138,1992
109,1844505072,4/29/2016,Fri,4920,3.25,3.25,0.0,0.0,0.0,3.25,0.0,0,0,247,1082,1856
110,1844505072,4/30/2016,Sat,4014,2.670000076,2.670000076,0.0,0.0,0.0,2.650000095,0.0,0,0,184,218,1763
111,1844505072,5/1/2016,Sun,2573,1.700000048,1.700000048,0.0,0.0,0.25999999,1.450000048,0.0,0,7,75,585,1541
113,1844505072,5/3/2016,Tue,4059,2.680000067,2.680000067,0.0,0.0,0.0,2.680000067,0.0,0,0,184,1256,1742
114,1844505072,5/4/2016,Wed,2080,1.370000005,1.370000005,0.0,0.0,0.0,1.370000005,0.0,0,0,87,1353,1549
115,1844505072,5/5/2016,Thu,2237,1.480000019,1.480000019,0.0,0.0,0.0,1.480000019,0.0,0,0,120,1320,1589
123,1927972279,4/12/2016,Tue,678,0.469999999,0.469999999,0.0,0.0,0.0,0.469999999,0.0,0,0,55,734,2220
125,1927972279,4/14/2016,Thu,2163,1.5,1.5,0.0,0.0,0.400000006,1.100000024,0.0,0,9,88,1292,2383
126,1927972279,4/15/2016,Fri,980,0.680000007,0.680000007,0.0,0.0,0.0,0.680000007,0.0,0,0,51,941,2221
134,1927972279,4/23/2016,Sat,2945,2.039999962,2.039999962,0.0,0.0,0.0,2.039999962,0.0,0,0,145,1295,2499
135,1927972279,4/24/2016,Sun,2090,1.450000048,1.450000048,0.0,0.07,0.239999995,1.139999986,0.0,1,6,75,1358,2324
137,1927972279,4/26/2016,Tue,3761,2.599999905,2.599999905,0.0,0.0,0.0,2.599999905,0.0,0,0,192,1058,2638
139,1927972279,4/28/2016,Thu,1675,1.159999967,1.159999967,0.0,0.0,0.0,1.159999967,0.0,0,0,95,1167,2351
142,1927972279,5/1/2016,Sun,2704,1.870000005,1.870000005,0.0,1.00999999,0.029999999,0.829999983,0.0,14,1,70,1355,2411
143,1927972279,5/2/2016,Mon,3790,2.619999886,2.619999886,0.0,1.159999967,0.300000012,1.159999967,0.0,16,8,94,1322,2505
144,1927972279,5/3/2016,Tue,1326,0.920000017,0.920000017,0.0,0.730000019,0.0,0.180000007,0.0,10,0,17,1413,2195
145,1927972279,5/4/2016,Wed,1786,1.24000001,1.24000001,0.0,0.0,0.0,1.24000001,0.0,0,0,87,1353,2338
147,1927972279,5/6/2016,Fri,2091,1.450000048,1.450000048,0.0,0.0,0.0,1.450000048,0.0,0,0,108,1332,2383
148,1927972279,5/7/2016,Sat,1510,1.039999962,1.039999962,0.0,0.0,0.0,1.039999962,0.0,0,0,48,1392,2229
154,2022484408,4/12/2016,Tue,11875,8.340000153,8.340000153,0.0,3.309999943,0.769999981,4.260000229,0.0,42,14,227,1157,2390
155,2022484408,4/13/2016,Wed,12024,8.5,8.5,0.0,2.99000001,0.100000001,5.409999847,0.0,43,5,292,1100,2601
156,2022484408,4/14/2016,Thu,10690,7.5,7.5,0.0,2.480000019,0.209999993,4.820000172,0.0,32,3,257,1148,2312
157,2022484408,4/15/2016,Fri,11034,8.029999733,8.029999733,0.0,1.940000057,0.310000002,5.78000021,0.0,27,9,282,1122,2525
158,2022484408,4/16/2016,Sat,10100,7.090000153,7.090000153,0.0,3.150000095,0.550000012,3.390000105,0.0,41,11,151,1237,2177
159,2022484408,4/17/2016,Sun,15112,11.39999962,11.39999962,0.0,3.869999886,0.660000026,6.880000114,0.0,28,29,331,1052,2782
160,2022484408,4/18/2016,Mon,14131,10.06999969,10.06999969,0.0,3.640000105,0.119999997,6.300000191,0.0,48,3,311,1078,2770
161,2022484408,4/19/2016,Tue,11548,8.529999733,8.529999733,0.0,3.289999962,0.239999995,5.0,0.0,31,7,250,1152,2489
162,2022484408,4/20/2016,Wed,15112,10.67000008,10.67000008,0.0,3.339999914,1.929999948,5.400000095,0.0,48,63,276,1053,2897
163,2022484408,4/21/2016,Thu,12453,8.739999771,8.739999771,0.0,3.329999924,1.110000014,4.309999943,0.0,104,53,255,1028,3158
164,2022484408,4/22/2016,Fri,12954,9.329999924,9.329999924,0.0,4.429999828,0.419999987,4.46999979,0.0,52,10,273,1105,2638
165,2022484408,4/23/2016,Sat,6001,4.210000038,4.210000038,0.0,0.0,0.0,4.210000038,0.0,0,0,249,1191,2069
166,2022484408,4/24/2016,Sun,13481,10.27999973,10.27999973,0.0,4.550000191,1.149999976,4.579999924,0.0,37,26,216,1161,2529
167,2022484408,4/25/2016,Mon,11369,8.010000229,8.010000229,0.0,3.329999924,0.219999999,4.460000038,0.0,44,8,217,1171,2470
168,2022484408,4/26/2016,Tue,10119,7.190000057,7.190000057,0.0,1.429999948,0.660000026,5.110000134,0.0,55,24,275,1086,2793
169,2022484408,4/27/2016,Wed,10159,7.130000114,7.130000114,0.0,1.039999962,0.970000029,5.119999886,0.0,19,20,282,1119,2463
170,2022484408,4/28/2016,Thu,10140,7.119999886,7.119999886,0.0,0.409999996,1.330000043,5.389999866,0.0,6,20,291,1123,2296
171,2022484408,4/29/2016,Fri,10245,7.190000057,7.190000057,0.0,0.479999989,1.210000038,5.5,0.0,21,40,281,1098,2611
172,2022484408,4/30/2016,Sat,18387,12.90999985,12.90999985,0.0,0.939999998,1.399999976,10.56999969,0.0,13,23,361,1043,2732
173,2022484408,5/1/2016,Sun,10538,7.400000095,7.400000095,0.0,1.940000057,0.959999979,4.5,0.0,25,28,245,1142,2380
174,2022484408,5/2/2016,Mon,10379,7.289999962,7.289999962,0.0,2.609999895,0.340000004,4.329999924,0.0,36,8,277,1119,2473
175,2022484408,5/3/2016,Tue,12183,8.739999771,8.739999771,0.0,3.99000001,0.460000008,4.28000021,0.0,72,14,250,1104,2752
176,2022484408,5/4/2016,Wed,11768,8.289999962,8.289999962,0.0,2.50999999,0.930000007,4.849999905,0.0,36,27,272,1105,2649
177,2022484408,5/5/2016,Thu,11895,8.350000381,8.350000381,0.0,2.789999962,0.860000014,4.699999809,0.0,55,20,253,1112,2609
178,2022484408,5/6/2016,Fri,10227,7.179999828,7.179999828,0.0,1.870000005,0.670000017,4.639999866,0.0,24,17,295,1104,2498
179,2022484408,5/7/2016,Sat,6708,4.710000038,4.710000038,0.0,1.610000014,0.079999998,3.019999981,0.0,20,2,149,1269,1995
180,2022484408,5/8/2016,Sun,3292,2.309999943,2.309999943,0.0,0.0,0.0,2.309999943,0.0,0,0,135,1305,1848
181,2022484408,5/9/2016,Mon,13379,9.390000343,9.390000343,0.0,2.119999886,1.629999995,5.639999866,0.0,35,47,297,1061,2709
182,2022484408,5/10/2016,Tue,12798,8.979999542,8.979999542,0.0,2.220000029,1.210000038,5.559999943,0.0,57,28,271,1084,2797
183,2022484408,5/11/2016,Wed,13272,9.319999695,9.319999695,0.0,4.179999828,1.149999976,3.99000001,0.0,58,25,224,1133,2544
184,2022484408,5/12/2016,Thu,9117,6.409999847,6.409999847,0.0,1.279999971,0.670000017,4.440000057,0.0,16,16,236,728,1853
185,2026352035,4/12/2016,Tue,4414,2.74000001,2.74000001,0.0,0.189999998,0.349999994,2.200000048,0.0,3,8,181,706,1459
186,2026352035,4/13/2016,Wed,4993,3.099999905,3.099999905,0.0,0.0,0.0,3.099999905,0.0,0,0,238,663,1521
187,2026352035,4/14/2016,Thu,3335,2.069999933,2.069999933,0.0,0.0,0.0,2.049999952,0.0,0,0,197,653,1431
188,2026352035,4/15/2016,Fri,3821,2.369999886,2.369999886,0.0,0.0,0.0,2.369999886,0.0,0,0,188,687,1444
189,2026352035,4/16/2016,Sat,2547,1.580000043,1.580000043,0.0,0.0,0.0,1.580000043,0.0,0,0,150,728,1373
190,2026352035,4/17/2016,Sun,838,0.519999981,0.519999981,0.0,0.0,0.0,0.519999981,0.0,0,0,60,1053,1214
191,2026352035,4/18/2016,Mon,3325,2.059999943,2.059999943,0.0,0.0,0.0,2.059999943,0.0,0,0,182,1062,1419
192,2026352035,4/19/2016,Tue,2424,1.5,1.5,0.0,0.0,0.0,1.5,0.0,0,0,141,785,1356
193,2026352035,4/20/2016,Wed,7222,4.480000019,4.480000019,0.0,0.0,0.0,4.480000019,0.0,0,0,327,623,1667
194,2026352035,4/21/2016,Thu,2467,1.529999971,1.529999971,0.0,0.0,0.0,1.529999971,0.0,0,0,153,749,1370
195,2026352035,4/22/2016,Fri,2915,1.809999943,1.809999943,0.0,0.0,0.0,1.809999943,0.0,0,0,162,712,1399
196,2026352035,4/23/2016,Sat,12357,7.710000038,7.710000038,0.0,0.0,0.0,7.710000038,0.0,0,0,432,458,1916
197,2026352035,4/24/2016,Sun,3490,2.160000086,2.160000086,0.0,0.0,0.0,2.160000086,0.0,0,0,164,704,1401
198,2026352035,4/25/2016,Mon,6017,3.730000019,3.730000019,0.0,0.0,0.0,3.730000019,0.0,0,0,260,821,1576
199,2026352035,4/26/2016,Tue,5933,3.680000067,3.680000067,0.0,0.0,0.0,3.680000067,0.0,0,0,288,1018,1595
200,2026352035,4/27/2016,Wed,6088,3.769999981,3.769999981,0.0,0.0,0.0,3.769999981,0.0,0,0,286,586,1593
201,2026352035,4/28/2016,Thu,6375,3.950000048,3.950000048,0.0,0.0,0.0,3.950000048,0.0,0,0,331,626,1649
202,2026352035,4/29/2016,Fri,7604,4.710000038,4.710000038,0.0,0.0,0.0,4.710000038,0.0,0,0,352,492,1692
203,2026352035,4/30/2016,Sat,4729,2.930000067,2.930000067,0.0,0.0,0.0,2.930000067,0.0,0,0,233,594,1506
204,2026352035,5/1/2016,Sun,3609,2.279999971,2.279999971,0.0,0.0,0.0,2.279999971,0.0,0,0,191,716,1447
205,2026352035,5/2/2016,Mon,7018,4.349999905,4.349999905,0.0,0.0,0.0,4.349999905,0.0,0,0,355,716,1690
206,2026352035,5/3/2016,Tue,5992,3.720000029,3.720000029,0.0,0.0,0.0,3.720000029,0.0,0,0,304,981,1604
207,2026352035,5/4/2016,Wed,6564,4.070000172,4.070000172,0.0,0.0,0.0,4.070000172,0.0,0,0,345,530,1658
208,2026352035,5/5/2016,Thu,12167,7.539999962,7.539999962,0.0,0.0,0.0,7.539999962,0.0,0,0,475,479,1926
209,2026352035,5/6/2016,Fri,8198,5.079999924,5.079999924,0.0,0.0,0.0,5.079999924,0.0,0,0,383,511,1736
210,2026352035,5/7/2016,Sat,4193,2.599999905,2.599999905,0.0,0.0,0.0,2.599999905,0.0,0,0,229,665,1491
211,2026352035,5/8/2016,Sun,5528,3.450000048,3.450000048,0.0,0.0,0.0,3.450000048,0.0,0,0,258,610,1555
212,2026352035,5/9/2016,Mon,10685,6.619999886,6.619999886,0.0,0.0,0.0,6.599999905,0.0,0,0,401,543,1869
214,2026352035,5/11/2016,Wed,8580,5.320000172,5.320000172,0.0,0.0,0.0,5.320000172,0.0,0,0,330,569,1698
215,2026352035,5/12/2016,Thu,8891,5.510000229,5.510000229,0.0,0.0,0.0,5.510000229,0.0,0,0,343,330,1364
216,2320127002,4/12/2016,Tue,10725,7.489999771,7.489999771,0.0,1.169999957,0.310000002,6.010000229,0.0,13,9,306,1112,2124
217,2320127002,4/13/2016,Wed,7275,4.900000095,4.900000095,0.0,0.0,0.0,4.900000095,0.0,0,0,335,1105,2003
218,2320127002,4/14/2016,Thu,3973,2.680000067,2.680000067,0.0,0.0,0.0,2.680000067,0.0,0,0,191,1249,1696
219,2320127002,4/15/2016,Fri,5205,3.50999999,3.50999999,0.0,0.0,0.0,3.50999999,0.0,0,0,245,1195,1801
220,2320127002,4/16/2016,Sat,5057,3.410000086,3.410000086,0.0,0.0,0.0,3.400000095,0.0,0,0,195,1245,1724
221,2320127002,4/17/2016,Sun,6198,4.179999828,4.179999828,0.0,0.0,0.0,4.179999828,0.0,0,0,249,1191,1852
222,2320127002,4/18/2016,Mon,6559,4.420000076,4.420000076,0.0,0.0,0.25999999,4.139999866,0.0,0,7,260,1173,1905
223,2320127002,4/19/2016,Tue,5997,4.039999962,4.039999962,0.0,0.0,0.379999995,3.660000086,0.0,0,11,228,1201,1811
224,2320127002,4/20/2016,Wed,7192,4.849999905,4.849999905,0.0,0.0,0.49000001,4.340000153,0.0,0,11,283,1146,1922
225,2320127002,4/21/2016,Thu,3404,2.289999962,2.289999962,0.0,0.059999999,0.419999987,1.809999943,0.0,1,10,127,1302,1610
226,2320127002,4/22/2016,Fri,5583,3.75999999,3.75999999,0.0,0.0,0.0,3.75999999,0.0,0,0,266,1174,1851
227,2320127002,4/23/2016,Sat,5079,3.420000076,3.420000076,0.0,0.0,0.0,3.420000076,0.0,0,0,242,1129,1804
228,2320127002,4/24/2016,Sun,4165,2.809999943,2.809999943,0.0,0.0,0.0,2.799999952,0.0,0,0,204,1236,1725
229,2320127002,4/25/2016,Mon,3588,2.420000076,2.420000076,0.0,0.230000004,0.200000003,1.99000001,0.0,3,5,152,1280,1654
230,2320127002,4/26/2016,Tue,3409,2.299999952,2.299999952,0.0,0.0,0.0,2.299999952,0.0,0,0,147,1293,1632
231,2320127002,4/27/2016,Wed,1715,1.159999967,1.159999967,0.0,0.0,0.0,1.159999967,0.0,0,0,82,1358,1481
232,2320127002,4/28/2016,Thu,1532,1.029999971,1.029999971,0.0,0.0,0.0,1.029999971,0.0,0,0,76,1364,1473
233,2320127002,4/29/2016,Fri,924,0.620000005,0.620000005,0.0,0.0,0.0,0.620000005,0.0,0,0,45,1395,1410
234,2320127002,4/30/2016,Sat,4571,3.079999924,3.079999924,0.0,0.0,0.0,3.069999933,0.0,0,0,234,1206,1779
235,2320127002,5/1/2016,Sun,772,0.519999981,0.519999981,0.0,0.0,0.0,0.519999981,0.0,0,0,40,1400,1403
236,2320127002,5/2/2016,Mon,3634,2.450000048,2.450000048,0.0,0.360000014,0.209999993,1.879999995,0.0,5,6,123,1306,1613
237,2320127002,5/3/2016,Tue,7443,5.019999981,5.019999981,0.0,1.49000001,0.370000005,3.160000086,0.0,20,10,206,1204,1878
238,2320127002,5/4/2016,Wed,1201,0.810000002,0.810000002,0.0,0.0,0.0,0.810000002,0.0,0,0,52,1388,1426
239,2320127002,5/5/2016,Thu,5202,3.50999999,3.50999999,0.0,0.0,0.389999986,3.109999895,0.0,0,11,223,1206,1780
240,2320127002,5/6/2016,Fri,4878,3.289999962,3.289999962,0.0,0.0,0.0,3.289999962,0.0,0,0,204,1236,1742
241,2320127002,5/7/2016,Sat,7379,4.96999979,4.96999979,0.0,0.0,0.0,4.96999979,0.0,0,0,319,1121,1972
242,2320127002,5/8/2016,Sun,5161,3.480000019,3.480000019,0.0,0.0,0.0,3.470000029,0.0,0,0,247,1193,1821
243,2320127002,5/9/2016,Mon,3090,2.079999924,2.079999924,0.0,0.0,0.0,2.079999924,0.0,0,0,145,1295,1630
244,2320127002,5/10/2016,Tue,6227,4.199999809,4.199999809,0.0,0.0,0.0,4.199999809,0.0,0,0,290,1150,1899
245,2320127002,5/11/2016,Wed,6424,4.329999924,4.329999924,0.0,0.0,0.0,4.329999924,0.0,0,0,300,1140,1903
246,2320127002,5/12/2016,Thu,2661,1.789999962,1.789999962,0.0,0.0,0.0,1.789999962,0.0,0,0,128,830,1125
247,2347167796,4/12/2016,Tue,10113,6.829999924,6.829999924,0.0,2.0,0.620000005,4.199999809,0.0,28,13,320,964,2344
248,2347167796,4/13/2016,Wed,10352,7.010000229,7.010000229,0.0,1.659999967,1.940000057,3.410000086,0.0,19,32,195,676,2038
249,2347167796,4/14/2016,Thu,10129,6.699999809,6.699999809,0.0,0.02,2.74000001,3.940000057,0.0,1,48,206,705,2010
250,2347167796,4/15/2016,Fri,10465,6.920000076,6.920000076,0.0,0.07,1.419999957,5.429999828,0.0,1,24,284,720,2133
251,2347167796,4/16/2016,Sat,22244,15.07999992,15.07999992,0.0,5.449999809,4.099999905,5.53000021,0.0,66,72,268,968,2670
252,2347167796,4/17/2016,Sun,5472,3.619999886,3.619999886,0.0,0.079999998,0.280000001,3.25999999,0.0,1,7,249,508,1882
253,2347167796,4/18/2016,Mon,8247,5.449999809,5.449999809,0.0,0.790000021,0.860000014,3.789999962,0.0,11,16,206,678,1944
254,2347167796,4/19/2016,Tue,6711,4.440000057,4.440000057,0.0,0.0,0.0,4.440000057,0.0,0,7,382,648,2346
255,2347167796,4/20/2016,Wed,10999,7.269999981,7.269999981,0.0,0.680000007,1.809999943,4.78000021,0.0,11,43,269,1011,2198
256,2347167796,4/21/2016,Thu,10080,6.75,6.75,0.0,1.850000024,1.529999971,3.380000114,0.0,23,26,208,761,2048
257,2347167796,4/22/2016,Fri,7804,5.159999847,5.159999847,0.0,0.560000002,1.679999948,2.920000076,0.0,9,27,206,781,1946
258,2347167796,4/23/2016,Sat,16901,11.36999989,11.36999989,0.0,2.779999971,1.450000048,7.150000095,0.0,32,35,360,591,2629
259,2347167796,4/24/2016,Sun,9471,6.260000229,6.260000229,0.0,0.0,0.0,6.260000229,0.0,0,0,360,584,2187
260,2347167796,4/25/2016,Mon,9482,6.380000114,6.380000114,0.0,1.269999981,0.519999981,4.599999905,0.0,15,11,277,653,2095
261,2347167796,4/26/2016,Tue,5980,3.950000048,3.950000048,0.0,0.0,0.0,3.950000048,0.0,0,0,227,732,1861
262,2347167796,4/27/2016,Wed,11423,7.579999924,7.579999924,0.0,1.860000014,0.400000006,5.320000172,0.0,26,9,295,623,2194
263,2347167796,4/28/2016,Thu,5439,3.599999905,3.599999905,0.0,0.0,0.0,3.599999905,0.0,0,0,229,764,1854
265,2873212765,4/12/2016,Tue,8796,5.909999847,5.909999847,0.0,0.109999999,0.930000007,4.880000114,0.0,2,21,356,1061,1982
266,2873212765,4/13/2016,Wed,7618,5.119999886,5.119999886,0.0,0.0,0.219999999,4.880000114,0.02,0,8,404,1028,2004
267,2873212765,4/14/2016,Thu,7910,5.320000172,5.320000172,0.0,0.0,0.0,5.320000172,0.0,0,0,331,1109,1893
268,2873212765,4/15/2016,Fri,8482,5.699999809,5.699999809,0.0,0.0,0.0,5.690000057,0.01,0,0,448,992,2063
269,2873212765,4/16/2016,Sat,9685,6.650000095,6.650000095,0.0,3.109999895,0.02,3.50999999,0.01,47,1,305,1087,2148
270,2873212765,4/17/2016,Sun,2524,1.700000048,1.700000048,0.0,0.0,0.349999994,1.340000033,0.0,0,8,160,1272,1529
271,2873212765,4/18/2016,Mon,7762,5.239999771,5.239999771,0.0,0.07,0.280000001,4.889999866,0.0,1,6,311,1122,1890
272,2873212765,4/19/2016,Tue,7948,5.369999886,5.369999886,0.0,0.0,0.0,5.360000134,0.0,0,0,389,1051,1956
273,2873212765,4/20/2016,Wed,9202,6.300000191,6.300000191,0.0,1.50999999,0.119999997,4.659999847,0.01,22,5,378,1035,2094
274,2873212765,4/21/2016,Thu,8859,5.980000019,5.980000019,0.0,0.129999995,0.370000005,5.46999979,0.01,2,10,371,1057,1970
275,2873212765,4/22/2016,Fri,7286,4.900000095,4.900000095,0.0,0.460000008,0.0,4.420000076,0.02,46,0,366,1028,2241
276,2873212765,4/23/2016,Sat,9317,6.349999905,6.349999905,0.0,2.089999914,0.230000004,4.019999981,0.01,28,5,330,1077,2021
277,2873212765,4/24/2016,Sun,6873,4.679999828,4.679999828,0.0,3.0,0.059999999,1.620000005,0.0,46,1,190,1203,1898
278,2873212765,4/25/2016,Mon,7373,4.949999809,4.949999809,0.0,0.0,0.0,4.949999809,0.0,0,0,359,1081,1907
279,2873212765,4/26/2016,Tue,8242,5.539999962,5.539999962,0.0,0.119999997,0.180000007,5.239999771,0.0,2,5,309,1124,1882
280,2873212765,4/27/2016,Wed,3516,2.359999895,2.359999895,0.0,0.0,0.0,2.359999895,0.0,46,0,197,1197,1966
281,2873212765,4/28/2016,Thu,7913,5.409999847,5.409999847,0.0,2.160000086,0.340000004,2.910000086,0.0,28,7,213,1192,1835
282,2873212765,4/29/2016,Fri,7365,4.949999809,4.949999809,0.0,1.360000014,1.409999967,2.180000067,0.0,20,23,206,1191,1780
283,2873212765,4/30/2016,Sat,8452,5.679999828,5.679999828,0.0,0.330000013,1.080000043,4.260000229,0.01,5,20,248,1167,1830
284,2873212765,5/1/2016,Sun,7399,4.96999979,4.96999979,0.0,0.49000001,1.039999962,3.440000057,0.0,7,18,196,1219,1739
285,2873212765,5/2/2016,Mon,7525,5.059999943,5.059999943,0.0,0.0,0.209999993,4.829999924,0.02,0,7,334,1099,1878
286,2873212765,5/3/2016,Tue,7412,4.980000019,4.980000019,0.0,0.059999999,0.25,4.659999847,0.01,1,6,363,1070,1906
287,2873212765,5/4/2016,Wed,8278,5.559999943,5.559999943,0.0,0.0,0.0,5.559999943,0.0,0,0,420,1020,2015
288,2873212765,5/5/2016,Thu,8314,5.610000134,5.610000134,0.0,0.779999971,0.800000012,4.03000021,0.0,13,23,311,1093,1971
289,2873212765,5/6/2016,Fri,7063,4.75,4.75,0.0,0.0,0.119999997,4.610000134,0.01,0,5,370,1065,1910
290,2873212765,5/7/2016,Sat,4940,3.380000114,3.380000114,0.0,2.279999971,0.550000012,0.550000012,0.0,75,11,52,1302,1897
291,2873212765,5/8/2016,Sun,8168,5.539999962,5.539999962,0.0,2.900000095,0.0,2.640000105,0.0,46,0,326,1068,2096
292,2873212765,5/9/2016,Mon,7726,5.190000057,5.190000057,0.0,0.0,0.0,5.190000057,0.0,0,0,345,1095,1906
293,2873212765,5/10/2016,Tue,8275,5.559999943,5.559999943,0.0,0.0,0.0,5.550000191,0.01,0,0,373,1067,1962
294,2873212765,5/11/2016,Wed,6440,4.329999924,4.329999924,0.0,0.0,0.0,4.320000172,0.01,0,0,319,1121,1826
295,2873212765,5/12/2016,Thu,7566,5.110000134,5.110000134,0.0,0.0,0.0,5.110000134,0.0,0,0,268,720,1431
296,3372868164,4/12/2016,Tue,4747,3.24000001,3.24000001,0.0,0.0,0.0,3.230000019,0.01,0,0,280,1160,1788
297,3372868164,4/13/2016,Wed,9715,6.630000114,6.630000114,0.0,0.99000001,0.340000004,5.269999981,0.02,16,8,371,1045,2093
298,3372868164,4/14/2016,Thu,8844,6.03000021,6.03000021,0.0,0.340000004,1.029999971,4.650000095,0.01,6,25,370,1039,2065
299,3372868164,4/15/2016,Fri,7451,5.079999924,5.079999924,0.0,0.0,0.0,5.059999943,0.02,0,0,335,1105,1908
300,3372868164,4/16/2016,Sat,6905,4.730000019,4.730000019,0.0,0.0,0.0,4.699999809,0.029999999,0,0,356,1084,1908
301,3372868164,4/17/2016,Sun,8199,5.880000114,5.880000114,0.0,1.409999967,0.100000001,4.360000134,0.01,11,2,322,1105,1964
302,3372868164,4/18/2016,Mon,6798,4.639999866,4.639999866,0.0,1.080000043,0.200000003,3.349999905,0.0,20,7,343,1070,2014
303,3372868164,4/19/2016,Tue,7711,5.260000229,5.260000229,0.0,0.0,0.0,5.239999771,0.02,0,0,376,1064,1985
304,3372868164,4/20/2016,Wed,4880,3.329999924,3.329999924,0.0,0.839999974,0.090000004,2.380000114,0.02,15,3,274,1148,1867
305,3372868164,4/21/2016,Thu,8857,6.070000172,6.070000172,0.0,1.149999976,0.25999999,4.639999866,0.01,18,9,376,1037,2124
306,3372868164,4/22/2016,Fri,3843,2.619999886,2.619999886,0.0,0.0,0.0,2.609999895,0.01,0,0,206,1234,1669
307,3372868164,4/23/2016,Sat,7396,5.070000172,5.070000172,0.0,1.399999976,0.079999998,3.579999924,0.0,20,2,303,1115,1995
308,3372868164,4/24/2016,Sun,6731,4.590000153,4.590000153,0.0,0.889999986,0.189999998,3.49000001,0.02,14,7,292,1127,1921
309,3372868164,4/25/2016,Mon,5995,4.090000153,4.090000153,0.0,0.0,0.0,4.090000153,0.0,0,0,416,1024,2010
310,3372868164,4/26/2016,Tue,8283,5.789999962,5.789999962,0.0,1.850000024,0.050000001,3.869999886,0.01,22,2,333,1083,2057
311,3372868164,4/27/2016,Wed,7904,5.420000076,5.420000076,0.0,1.580000043,0.629999995,3.190000057,0.01,24,13,346,1057,2095
312,3372868164,4/28/2016,Thu,5512,3.75999999,3.75999999,0.0,0.0,0.0,3.75999999,0.0,0,0,385,1055,1972
313,3372868164,4/29/2016,Fri,9135,6.230000019,6.230000019,0.0,0.0,0.0,6.21999979,0.01,0,0,402,1038,2044
314,3372868164,4/30/2016,Sat,5250,3.579999924,3.579999924,0.0,1.059999943,0.090000004,2.420000076,0.01,17,4,300,1119,1946
315,3372868164,5/1/2016,Sun,3077,2.099999905,2.099999905,0.0,0.0,0.0,2.089999914,0.0,0,0,172,842,1237
316,3977333714,4/12/2016,Tue,8856,5.980000019,5.980000019,0.0,3.059999943,0.910000026,2.00999999,0.0,44,19,131,777,1450
317,3977333714,4/13/2016,Wed,10035,6.710000038,6.710000038,0.0,2.029999971,2.130000114,2.549999952,0.0,31,46,153,754,1495
318,3977333714,4/14/2016,Thu,7641,5.110000134,5.110000134,0.0,0.319999993,0.970000029,3.819999933,0.0,5,23,214,801,1433
319,3977333714,4/15/2016,Fri,9010,6.059999943,6.059999943,0.0,1.049999952,1.75,3.25999999,0.0,15,42,183,644,1468
320,3977333714,4/16/2016,Sat,13459,9.0,9.0,0.0,2.029999971,4.0,2.970000029,0.0,31,83,153,663,1625
321,3977333714,4/17/2016,Sun,10415,6.96999979,6.96999979,0.0,0.699999988,2.349999905,3.920000076,0.0,11,58,205,600,1529
322,3977333714,4/18/2016,Mon,11663,7.800000191,7.800000191,0.0,0.25,3.730000019,3.819999933,0.0,4,95,214,605,1584
323,3977333714,4/19/2016,Tue,12414,8.779999733,8.779999733,0.0,2.24000001,2.450000048,3.960000038,0.0,19,67,221,738,1638
324,3977333714,4/20/2016,Wed,11658,7.829999924,7.829999924,0.0,0.200000003,4.349999905,3.279999971,0.0,2,98,164,845,1554
325,3977333714,4/21/2016,Thu,6093,4.079999924,4.079999924,0.0,0.0,0.0,4.059999943,0.0,0,0,242,712,1397
326,3977333714,4/22/2016,Fri,8911,5.960000038,5.960000038,0.0,2.329999924,0.579999983,3.059999943,0.0,33,12,188,731,1481
327,3977333714,4/23/2016,Sat,12058,8.069999695,8.069999695,0.0,0.0,4.21999979,3.849999905,0.0,0,92,252,724,1638
328,3977333714,4/24/2016,Sun,14112,10.0,10.0,0.0,3.269999981,4.559999943,2.170000076,0.0,30,95,129,660,1655
329,3977333714,4/25/2016,Mon,11177,8.479999542,8.479999542,0.0,5.619999886,0.430000007,2.410000086,0.0,50,9,133,781,1570
330,3977333714,4/26/2016,Tue,11388,7.619999886,7.619999886,0.0,0.449999988,4.21999979,2.950000048,0.0,7,95,170,797,1551
331,3977333714,4/27/2016,Wed,7193,5.039999962,5.039999962,0.0,0.0,0.419999987,4.619999886,0.0,0,10,176,714,1377
332,3977333714,4/28/2016,Thu,7114,4.880000114,4.880000114,0.0,1.370000005,0.289999992,3.220000029,0.0,15,8,190,804,1407
333,3977333714,4/29/2016,Fri,10645,7.75,7.75,0.0,3.74000001,1.299999952,2.710000038,0.0,36,32,150,744,1545
334,3977333714,4/30/2016,Sat,13238,9.199999809,9.199999809,0.0,3.690000057,2.099999905,3.410000086,0.0,43,52,194,687,1650
335,3977333714,5/1/2016,Sun,10414,7.070000172,7.070000172,0.0,2.670000076,1.980000019,2.410000086,0.0,41,40,124,691,1501
336,3977333714,5/2/2016,Mon,16520,11.05000019,11.05000019,0.0,1.539999962,6.480000019,3.019999981,0.0,24,143,176,713,1760
337,3977333714,5/3/2016,Tue,14335,9.590000153,9.590000153,0.0,3.319999933,1.74000001,4.53000021,0.0,47,41,258,594,1710
338,3977333714,5/4/2016,Wed,13559,9.43999958,9.43999958,0.0,1.809999943,4.579999924,2.890000105,0.0,14,96,142,852,1628
339,3977333714,5/5/2016,Thu,12312,8.579999924,8.579999924,0.0,1.75999999,4.110000134,2.710000038,0.0,14,88,178,680,1618
340,3977333714,5/6/2016,Fri,11677,8.279999733,8.279999733,0.0,3.109999895,2.50999999,2.670000076,0.0,29,55,168,676,1590
341,3977333714,5/7/2016,Sat,11550,7.730000019,7.730000019,0.0,0.0,4.130000114,3.589999914,0.0,0,86,208,703,1574
342,3977333714,5/8/2016,Sun,13585,9.090000153,9.090000153,0.0,0.680000007,5.239999771,3.170000076,0.0,9,116,171,688,1633
343,3977333714,5/9/2016,Mon,14687,10.07999992,10.07999992,0.0,0.769999981,5.599999905,3.549999952,0.0,8,122,151,1159,1667
344,3977333714,5/10/2016,Tue,13072,8.779999733,8.779999733,0.0,0.07,5.400000095,3.309999943,0.0,1,115,196,676,1630
345,3977333714,5/11/2016,Wed,746,0.5,0.5,0.0,0.370000005,0.0,0.129999995,0.0,4,0,9,13,52
346,4020332650,4/12/2016,Tue,8539,6.119999886,6.119999886,0.0,0.150000006,0.239999995,5.679999828,0.0,4,15,331,712,3654
349,4020332650,4/15/2016,Fri,1882,1.350000024,1.350000024,0.0,0.209999993,0.360000014,0.769999981,0.0,36,18,87,1299,2951
350,4020332650,4/16/2016,Sat,1982,1.419999957,1.419999957,0.0,0.449999988,0.370000005,0.589999974,0.0,65,21,55,1222,3051
367,4020332650,5/3/2016,Tue,4496,3.220000029,3.220000029,0.0,0.0,0.0,3.150000095,0.050000001,0,0,174,950,2828
368,4020332650,5/4/2016,Wed,10252,7.349999905,7.349999905,0.0,0.670000017,1.039999962,5.579999924,0.0,13,46,346,531,3879
369,4020332650,5/5/2016,Thu,11728,8.430000305,8.430000305,0.0,2.619999886,1.679999948,4.039999962,0.07,38,42,196,916,3429
370,4020332650,5/6/2016,Fri,4369,3.130000114,3.130000114,0.0,0.0,0.0,3.099999905,0.01,0,0,177,855,2704
371,4020332650,5/7/2016,Sat,6132,4.400000095,4.400000095,0.0,0.0,0.0,3.579999924,0.0,0,0,184,1256,2975
372,4020332650,5/8/2016,Sun,5862,4.199999809,4.199999809,0.0,0.0,0.0,4.150000095,0.0,0,0,263,775,3089
373,4020332650,5/9/2016,Mon,4556,3.269999981,3.269999981,0.0,0.200000003,0.119999997,2.940000057,0.0,3,5,173,1225,2785
374,4020332650,5/10/2016,Tue,5546,3.980000019,3.980000019,0.0,0.0,0.0,3.869999886,0.039999999,0,0,206,774,2926
375,4020332650,5/11/2016,Wed,3689,2.650000095,2.650000095,0.0,0.109999999,0.170000002,2.329999924,0.0,2,8,134,1296,2645
376,4020332650,5/12/2016,Thu,590,0.419999987,0.419999987,0.0,0.0,0.0,0.409999996,0.0,0,0,21,721,1120
377,4057192912,4/12/2016,Tue,5394,4.03000021,4.03000021,0.0,0.0,0.0,3.940000057,0.0,0,0,164,1276,2286
378,4057192912,4/13/2016,Wed,5974,4.46999979,4.46999979,0.0,0.0,0.0,4.369999886,0.0,0,0,160,1280,2306
380,4057192912,4/15/2016,Fri,3984,2.950000048,2.950000048,0.0,0.209999993,0.25999999,2.440000057,0.0,3,6,88,873,1527
381,4319703577,4/12/2016,Tue,7753,5.199999809,5.199999809,0.0,0.0,0.0,0.0,0.0,0,0,0,1440,2115
382,4319703577,4/13/2016,Wed,8204,5.5,5.5,0.0,0.529999971,0.589999974,1.309999943,0.0,8,15,96,1234,2135
383,4319703577,4/14/2016,Thu,10210,6.880000114,6.880000114,0.0,0.109999999,0.330000013,6.440000057,0.0,1,9,339,589,2302
384,4319703577,4/15/2016,Fri,5664,3.799999952,3.799999952,0.0,0.0,0.0,3.799999952,0.0,0,0,228,752,1985
385,4319703577,4/16/2016,Sat,4744,3.180000067,3.180000067,0.0,0.0,0.0,3.180000067,0.0,0,0,194,724,1884
387,4319703577,4/18/2016,Mon,2276,1.549999952,1.549999952,0.0,0.07,0.330000013,1.120000005,0.0,1,9,58,824,1632
388,4319703577,4/19/2016,Tue,8925,5.989999771,5.989999771,0.0,0.0,0.0,5.989999771,0.0,0,0,311,604,2200
389,4319703577,4/20/2016,Wed,8954,6.010000229,6.010000229,0.0,0.0,0.680000007,5.309999943,0.0,0,18,306,671,2220
390,4319703577,4/21/2016,Thu,3702,2.480000019,2.480000019,0.0,0.0,0.0,0.349999994,0.0,0,0,34,1265,1792
391,4319703577,4/22/2016,Fri,4500,3.019999981,3.019999981,0.0,0.059999999,0.810000002,2.150000095,0.0,1,19,176,709,1886
392,4319703577,4/23/2016,Sat,4935,3.309999943,3.309999943,0.0,0.0,0.0,3.309999943,0.0,0,0,233,546,1945
393,4319703577,4/24/2016,Sun,4081,2.74000001,2.74000001,0.0,0.059999999,0.200000003,2.470000029,0.0,1,5,191,692,1880
394,4319703577,4/25/2016,Mon,9259,6.210000038,6.210000038,0.0,0.0,0.280000001,5.929999828,0.0,0,8,390,544,2314
395,4319703577,4/26/2016,Tue,9899,6.639999866,6.639999866,0.0,0.569999993,0.920000017,5.150000095,0.0,8,21,288,649,2236
396,4319703577,4/27/2016,Wed,10780,7.230000019,7.230000019,0.0,0.409999996,1.919999957,4.909999847,0.0,6,47,300,680,2324
397,4319703577,4/28/2016,Thu,10817,7.28000021,7.28000021,0.0,1.00999999,0.330000013,5.940000057,0.0,13,8,359,552,2367
398,4319703577,4/29/2016,Fri,7990,5.360000134,5.360000134,0.0,0.449999988,0.790000021,4.119999886,0.0,6,18,289,624,2175
399,4319703577,4/30/2016,Sat,8221,5.519999981,5.519999981,0.0,0.400000006,1.610000014,3.50999999,0.0,6,38,196,695,2092
400,4319703577,5/1/2016,Sun,1251,0.839999974,0.839999974,0.0,0.0,0.0,0.839999974,0.0,0,0,67,836,1593
401,4319703577,5/2/2016,Mon,9261,6.239999771,6.239999771,0.0,0.0,0.439999998,5.710000038,0.0,0,11,344,585,2270
402,4319703577,5/3/2016,Tue,9648,6.46999979,6.46999979,0.0,0.579999983,1.070000052,4.829999924,0.0,8,26,287,669,2235
403,4319703577,5/4/2016,Wed,10429,7.019999981,7.019999981,0.0,0.589999974,0.579999983,5.849999905,0.0,8,13,313,1106,2282
404,4319703577,5/5/2016,Thu,13658,9.489999771,9.489999771,0.0,2.630000114,1.409999967,5.449999809,0.0,27,34,328,957,2530
405,4319703577,5/6/2016,Fri,9524,6.420000076,6.420000076,0.0,0.409999996,0.469999999,5.460000038,0.0,6,11,314,692,2266
406,4319703577,5/7/2016,Sat,7937,5.329999924,5.329999924,0.0,0.189999998,1.049999952,4.079999924,0.0,3,28,279,586,2158
407,4319703577,5/8/2016,Sun,3672,2.460000038,2.460000038,0.0,0.0,0.0,2.460000038,0.0,0,0,153,603,1792
408,4319703577,5/9/2016,Mon,10378,6.960000038,6.960000038,0.0,0.140000001,0.560000002,6.25,0.0,2,14,374,490,2345
409,4319703577,5/10/2016,Tue,9487,6.369999886,6.369999886,0.0,0.209999993,0.460000008,5.699999809,0.0,3,12,329,555,2260
410,4319703577,5/11/2016,Wed,9129,6.130000114,6.130000114,0.0,0.200000003,0.74000001,5.179999828,0.0,3,18,311,574,2232
412,4388161847,4/12/2016,Tue,10122,7.78000021,7.78000021,0.0,0.0,0.0,0.0,0.0,0,0,0,1440,2955
413,4388161847,4/13/2016,Wed,10993,8.449999809,8.449999809,0.0,0.059999999,0.629999995,3.880000114,0.0,1,14,150,1275,3092
414,4388161847,4/14/2016,Thu,8863,6.820000172,6.820000172,0.0,0.129999995,1.070000052,5.619999886,0.0,10,35,219,945,2998
415,4388161847,4/15/2016,Fri,8758,6.730000019,6.730000019,0.0,0.0,0.0,6.730000019,0.0,0,0,299,837,3066
416,4388161847,4/16/2016,Sat,6580,5.059999943,5.059999943,0.0,0.209999993,0.400000006,4.449999809,0.0,6,9,253,609,3073
417,4388161847,4/17/2016,Sun,4660,3.579999924,3.579999924,0.0,0.0,0.0,3.579999924,0.0,0,0,201,721,2572
418,4388161847,4/18/2016,Mon,11009,9.100000381,9.100000381,0.0,3.559999943,0.400000006,5.139999866,0.0,27,8,239,1017,3274
419,4388161847,4/19/2016,Tue,10181,7.829999924,7.829999924,0.0,1.370000005,0.689999998,5.769999981,0.0,20,16,249,704,3015
420,4388161847,4/20/2016,Wed,10553,8.119999886,8.119999886,0.0,1.100000024,1.720000029,5.289999962,0.0,19,42,228,696,3083
421,4388161847,4/21/2016,Thu,10055,7.730000019,7.730000019,0.0,0.370000005,0.389999986,6.980000019,0.0,7,12,272,853,3069
422,4388161847,4/22/2016,Fri,12139,9.340000153,9.340000153,0.0,3.299999952,1.110000014,4.920000076,0.0,77,25,220,945,3544
423,4388161847,4/23/2016,Sat,13236,10.18000031,10.18000031,0.0,4.5,0.319999993,5.349999905,0.0,58,5,215,749,3306
424,4388161847,4/24/2016,Sun,10243,7.880000114,7.880000114,0.0,1.080000043,0.50999999,6.300000191,0.0,14,8,239,584,2885
425,4388161847,4/25/2016,Mon,12961,9.970000267,9.970000267,0.0,0.730000019,1.399999976,7.840000153,0.0,11,31,301,1054,3288
426,4388161847,4/26/2016,Tue,9461,7.28000021,7.28000021,0.0,0.939999998,1.059999943,5.269999981,0.0,14,23,224,673,2929
427,4388161847,4/27/2016,Wed,11193,8.609999657,8.609999657,0.0,0.699999988,2.50999999,5.389999866,0.0,11,48,241,684,3074
428,4388161847,4/28/2016,Thu,10074,7.75,7.75,0.0,1.289999962,0.430000007,6.03000021,0.0,19,9,234,878,2969
429,4388161847,4/29/2016,Fri,9232,7.099999905,7.099999905,0.0,0.800000012,0.889999986,5.420000076,0.0,13,16,236,1175,2979
430,4388161847,4/30/2016,Sat,12533,9.640000343,9.640000343,0.0,0.699999988,2.0,6.940000057,0.0,14,43,300,537,3283
431,4388161847,5/1/2016,Sun,10255,7.889999866,7.889999866,0.0,1.00999999,0.680000007,6.199999809,0.0,12,15,241,579,2926
432,4388161847,5/2/2016,Mon,10096,8.399999619,8.399999619,0.0,3.769999981,0.079999998,4.550000191,0.0,33,4,204,935,3147
433,4388161847,5/3/2016,Tue,12727,9.789999962,9.789999962,0.0,1.129999995,0.779999971,7.880000114,0.0,18,18,306,984,3290
434,4388161847,5/4/2016,Wed,12375,9.520000458,9.520000458,0.0,2.789999962,0.930000007,5.800000191,0.0,35,21,251,632,3162
435,4388161847,5/5/2016,Thu,9603,7.380000114,7.380000114,0.0,0.629999995,1.669999957,5.090000153,0.0,12,39,199,896,2899
436,4388161847,5/6/2016,Fri,13175,10.13000011,10.13000011,0.0,2.109999895,2.089999914,5.929999828,0.0,33,45,262,1100,3425
437,4388161847,5/7/2016,Sat,22770,17.54000092,17.54000092,0.0,9.449999809,2.769999981,5.329999924,0.0,120,56,260,508,4022
438,4388161847,5/8/2016,Sun,17298,14.38000011,14.38000011,0.0,9.890000343,1.25999999,3.230000019,0.0,107,38,178,576,3934
439,4388161847,5/9/2016,Mon,10218,7.860000134,7.860000134,0.0,0.340000004,0.730000019,6.789999962,0.0,6,19,258,1020,3013
440,4388161847,5/10/2016,Tue,10299,7.920000076,7.920000076,0.0,0.810000002,0.649999976,6.460000038,0.0,13,14,267,648,3061
441,4388161847,5/11/2016,Wed,10201,7.840000153,7.840000153,0.0,0.529999971,0.790000021,6.53000021,0.0,8,18,256,858,2954
442,4388161847,5/12/2016,Thu,3369,2.589999914,2.589999914,0.0,0.0,0.0,2.589999914,0.0,0,0,108,825,1623
443,4445114986,4/12/2016,Tue,3276,2.200000048,2.200000048,0.0,0.0,0.0,2.200000048,0.0,0,0,196,787,2113
444,4445114986,4/13/2016,Wed,2961,1.99000001,1.99000001,0.0,0.0,0.0,1.99000001,0.0,0,0,194,840,2095
445,4445114986,4/14/2016,Thu,3974,2.670000076,2.670000076,0.0,0.0,0.0,2.670000076,0.0,0,0,231,717,2194
446,4445114986,4/15/2016,Fri,7198,4.829999924,4.829999924,0.0,0.0,0.0,4.829999924,0.0,0,0,350,711,2496
447,4445114986,4/16/2016,Sat,3945,2.650000095,2.650000095,0.0,0.0,0.0,2.650000095,0.0,0,0,225,716,2180
448,4445114986,4/17/2016,Sun,2268,1.519999981,1.519999981,0.0,0.0,0.0,1.519999981,0.0,0,0,114,1219,1933
449,4445114986,4/18/2016,Mon,6155,4.239999771,4.239999771,0.0,2.0,0.289999992,1.950000048,0.0,25,6,162,1247,2248
450,4445114986,4/19/2016,Tue,2064,1.389999986,1.389999986,0.0,0.0,0.0,1.389999986,0.0,0,0,121,895,1954
451,4445114986,4/20/2016,Wed,2072,1.389999986,1.389999986,0.0,0.0,0.0,1.389999986,0.0,0,0,137,841,1974
452,4445114986,4/21/2016,Thu,3809,2.559999943,2.559999943,0.0,0.0,0.0,2.539999962,0.0,0,0,215,756,2150
453,4445114986,4/22/2016,Fri,6831,4.579999924,4.579999924,0.0,0.0,0.0,4.579999924,0.0,0,0,317,706,2432
454,4445114986,4/23/2016,Sat,4363,2.930000067,2.930000067,0.0,0.0,0.0,2.930000067,0.0,0,0,201,1239,2149
455,4445114986,4/24/2016,Sun,5002,3.359999895,3.359999895,0.0,0.0,0.0,3.359999895,0.0,0,0,244,1196,2247
456,4445114986,4/25/2016,Mon,3385,2.269999981,2.269999981,0.0,0.0,0.0,2.269999981,0.0,0,0,179,916,2070
457,4445114986,4/26/2016,Tue,6326,4.409999847,4.409999847,0.0,2.410000086,0.039999999,1.960000038,0.0,29,1,180,839,2291
458,4445114986,4/27/2016,Wed,7243,5.03000021,5.03000021,0.0,2.619999886,0.029999999,2.380000114,0.0,32,1,194,839,2361
459,4445114986,4/28/2016,Thu,4493,3.00999999,3.00999999,0.0,0.0,0.0,3.00999999,0.0,0,0,236,762,2203
460,4445114986,4/29/2016,Fri,4676,3.140000105,3.140000105,0.0,0.0,0.0,3.130000114,0.0,0,0,226,1106,2196
461,4445114986,4/30/2016,Sat,6222,4.179999828,4.179999828,0.0,0.0,0.0,4.179999828,0.0,0,0,290,797,2363
462,4445114986,5/1/2016,Sun,5232,3.50999999,3.50999999,0.0,0.0,0.0,3.50999999,0.0,0,0,240,741,2246
463,4445114986,5/2/2016,Mon,6910,4.75,4.75,0.0,2.210000038,0.189999998,2.349999905,0.0,27,4,200,667,2336
464,4445114986,5/3/2016,Tue,7502,5.179999828,5.179999828,0.0,2.480000019,0.109999999,2.579999924,0.0,30,2,233,725,2421
465,4445114986,5/4/2016,Wed,2923,1.960000038,1.960000038,0.0,0.0,0.0,1.960000038,0.0,0,0,180,897,2070
466,4445114986,5/5/2016,Thu,3800,2.549999952,2.549999952,0.0,0.119999997,0.239999995,2.180000067,0.0,2,6,185,734,2120
467,4445114986,5/6/2016,Fri,4514,3.029999971,3.029999971,0.0,0.0,0.0,3.029999971,0.0,0,0,229,809,2211
468,4445114986,5/7/2016,Sat,5183,3.589999914,3.589999914,0.0,2.130000114,0.189999998,1.25,0.0,26,4,108,866,2123
469,4445114986,5/8/2016,Sun,7303,4.900000095,4.900000095,0.0,0.0,0.25,4.650000095,0.0,0,8,308,733,2423
470,4445114986,5/9/2016,Mon,5275,3.539999962,3.539999962,0.0,0.0,0.0,3.539999962,0.0,0,0,266,641,2281
471,4445114986,5/10/2016,Tue,3915,2.630000114,2.630000114,0.0,0.0,0.0,2.630000114,0.0,0,0,231,783,2181
472,4445114986,5/11/2016,Wed,9105,6.110000134,6.110000134,0.0,2.25,1.0,2.859999895,0.0,34,22,232,622,2499
473,4445114986,5/12/2016,Thu,768,0.519999981,0.519999981,0.0,0.0,0.0,0.519999981,0.0,0,0,58,380,1212
474,4558609924,4/12/2016,Tue,5135,3.390000105,3.390000105,0.0,0.0,0.0,3.390000105,0.0,0,0,318,1122,1909
475,4558609924,4/13/2016,Wed,4978,3.289999962,3.289999962,0.0,1.24000001,0.439999998,1.610000014,0.0,19,7,127,1287,1722
476,4558609924,4/14/2016,Thu,6799,4.489999771,4.489999771,0.0,0.0,0.0,4.489999771,0.0,0,0,279,1161,1922
477,4558609924,4/15/2016,Fri,7795,5.150000095,5.150000095,0.0,0.589999974,0.839999974,3.730000019,0.0,17,30,262,1131,2121
478,4558609924,4/16/2016,Sat,7289,4.820000172,4.820000172,0.0,0.550000012,0.75,3.5,0.0,8,12,308,1112,1997
479,4558609924,4/17/2016,Sun,9634,6.400000095,6.400000095,0.0,0.550000012,1.139999986,4.710000038,0.0,7,19,304,1110,2117
480,4558609924,4/18/2016,Mon,8940,5.909999847,5.909999847,0.0,0.980000019,0.930000007,4.0,0.0,14,15,331,1080,2116
481,4558609924,4/19/2016,Tue,5401,3.569999933,3.569999933,0.0,0.050000001,0.360000014,3.160000086,0.0,1,9,248,1182,1876
482,4558609924,4/20/2016,Wed,4803,3.170000076,3.170000076,0.0,0.0,0.0,3.170000076,0.0,0,0,222,1218,1788
483,4558609924,4/21/2016,Thu,13743,9.079999924,9.079999924,0.0,0.419999987,0.970000029,7.699999809,0.0,6,21,432,844,2486
484,4558609924,4/22/2016,Fri,9601,6.349999905,6.349999905,0.0,1.370000005,1.5,3.470000029,0.0,20,25,273,1122,2094
485,4558609924,4/23/2016,Sat,6890,4.550000191,4.550000191,0.0,0.340000004,0.200000003,4.010000229,0.0,5,5,308,1122,2085
486,4558609924,4/24/2016,Sun,8563,5.659999847,5.659999847,0.0,0.0,0.0,5.650000095,0.0,0,0,395,1045,2173
487,4558609924,4/25/2016,Mon,8095,5.349999905,5.349999905,0.0,0.589999974,0.25,4.510000229,0.0,18,10,340,993,2225
488,4558609924,4/26/2016,Tue,9148,6.050000191,6.050000191,0.0,0.430000007,2.029999971,3.589999914,0.0,12,41,283,1062,2223
489,4558609924,4/27/2016,Wed,9557,6.320000172,6.320000172,0.0,1.960000038,0.889999986,3.460000038,0.0,27,14,312,1087,2098
490,4558609924,4/28/2016,Thu,9451,6.25,6.25,0.0,0.02,0.270000011,5.949999809,0.0,1,11,367,985,2185
491,4558609924,4/29/2016,Fri,7833,5.179999828,5.179999828,0.0,1.019999981,1.850000024,2.309999943,0.0,15,29,197,1096,1918
492,4558609924,4/30/2016,Sat,10319,6.820000172,6.820000172,0.0,0.469999999,1.889999986,4.460000038,0.0,7,29,293,1111,2105
493,4558609924,5/1/2016,Sun,3428,2.269999981,2.269999981,0.0,0.0,0.0,2.269999981,0.0,0,0,190,1121,1692
494,4558609924,5/2/2016,Mon,7891,5.21999979,5.21999979,0.0,0.0,0.0,5.21999979,0.0,0,0,383,1057,2066
495,4558609924,5/3/2016,Tue,5267,3.480000019,3.480000019,0.0,0.600000024,0.280000001,2.599999905,0.0,21,10,237,1172,1953
496,4558609924,5/4/2016,Wed,5232,3.460000038,3.460000038,0.0,0.0,0.0,3.460000038,0.0,0,0,252,1188,1842
497,4558609924,5/5/2016,Thu,10611,7.010000229,7.010000229,0.0,1.00999999,0.5,5.510000229,0.0,14,8,370,1048,2262
498,4558609924,5/6/2016,Fri,3755,2.480000019,2.480000019,0.0,0.0,0.0,2.480000019,0.0,0,0,202,1238,1722
499,4558609924,5/7/2016,Sat,8237,5.440000057,5.440000057,0.0,1.610000014,1.0,2.829999924,0.0,23,16,233,1116,1973
500,4558609924,5/8/2016,Sun,6543,4.329999924,4.329999924,0.0,1.799999952,0.5,2.019999981,0.0,66,35,238,1019,2666
501,4558609924,5/9/2016,Mon,11451,7.570000172,7.570000172,0.0,0.430000007,1.620000005,5.519999981,0.0,6,30,339,1065,2223
502,4558609924,5/10/2016,Tue,6435,4.25,4.25,0.0,0.74000001,1.120000005,2.390000105,0.0,11,18,220,1191,1889
503,4558609924,5/11/2016,Wed,9108,6.019999981,6.019999981,0.0,0.25999999,1.820000052,3.940000057,0.0,4,31,324,1081,2131
504,4558609924,5/12/2016,Thu,6307,4.170000076,4.170000076,0.0,0.0,0.0,4.170000076,0.0,0,0,247,736,1452
505,4702921684,4/12/2016,Tue,7213,5.880000114,5.880000114,0.0,0.0,0.0,5.849999905,0.0,0,0,263,718,2947
506,4702921684,4/13/2016,Wed,6877,5.579999924,5.579999924,0.0,0.0,0.0,5.579999924,0.0,0,0,258,777,2898
507,4702921684,4/14/2016,Thu,7860,6.369999886,6.369999886,0.0,0.0,0.0,6.369999886,0.0,0,0,271,772,2984
508,4702921684,4/15/2016,Fri,6506,5.28000021,5.28000021,0.0,0.07,0.419999987,4.789999962,0.0,1,8,256,944,2896
509,4702921684,4/16/2016,Sat,11140,9.029999733,9.029999733,0.0,0.239999995,1.25,7.539999962,0.0,3,24,335,556,3328
510,4702921684,4/17/2016,Sun,12692,10.28999996,10.28999996,0.0,0.959999979,3.460000038,5.880000114,0.0,12,66,302,437,3394
511,4702921684,4/18/2016,Mon,9105,7.380000114,7.380000114,0.0,1.820000052,1.49000001,4.070000172,0.0,22,30,191,890,3013
512,4702921684,4/19/2016,Tue,6708,5.440000057,5.440000057,0.0,0.879999995,0.370000005,4.190000057,0.0,10,8,179,757,2812
513,4702921684,4/20/2016,Wed,8793,7.130000114,7.130000114,0.0,0.159999996,1.230000019,5.730000019,0.0,2,29,260,717,3061
514,4702921684,4/21/2016,Thu,6530,5.300000191,5.300000191,0.0,0.310000002,2.049999952,2.940000057,0.0,4,41,144,901,2729
515,4702921684,4/22/2016,Fri,1664,1.350000024,1.350000024,0.0,0.0,0.0,1.350000024,0.0,0,0,72,1341,2241
516,4702921684,4/23/2016,Sat,15126,12.27000046,12.27000046,0.0,0.75999999,3.24000001,8.270000458,0.0,9,66,408,469,3691
517,4702921684,4/24/2016,Sun,15050,12.22000027,12.22000027,0.0,1.200000048,5.119999886,5.880000114,0.0,15,95,281,542,3538
518,4702921684,4/25/2016,Mon,9167,7.429999828,7.429999828,0.0,0.49000001,0.819999993,6.110000134,0.0,6,15,270,730,3064
519,4702921684,4/26/2016,Tue,6108,4.949999809,4.949999809,0.0,0.07,0.349999994,4.539999962,0.0,1,8,216,765,2784
520,4702921684,4/27/2016,Wed,7047,5.71999979,5.71999979,0.0,0.090000004,0.800000012,4.78000021,0.0,1,16,238,733,2908
521,4702921684,4/28/2016,Thu,9023,7.320000172,7.320000172,0.0,1.129999995,0.419999987,5.769999981,0.0,14,9,232,738,3033
522,4702921684,4/29/2016,Fri,9930,8.050000191,8.050000191,0.0,1.059999943,0.920000017,6.070000172,0.0,12,19,267,692,3165
523,4702921684,4/30/2016,Sat,10144,8.229999542,8.229999542,0.0,0.319999993,2.029999971,5.880000114,0.0,4,36,263,728,3115
525,4702921684,5/2/2016,Mon,7245,5.920000076,5.920000076,0.0,0.379999995,1.74000001,3.75999999,0.0,5,40,195,1131,2859
526,4702921684,5/3/2016,Tue,9454,7.670000076,7.670000076,0.0,0.0,0.0,7.670000076,0.0,0,0,313,729,3145
527,4702921684,5/4/2016,Wed,8161,6.619999886,6.619999886,0.0,0.340000004,0.730000019,5.539999962,0.0,4,15,251,757,3004
528,4702921684,5/5/2016,Thu,8614,6.989999771,6.989999771,0.0,0.670000017,0.219999999,6.090000153,0.0,8,5,241,745,3006
529,4702921684,5/6/2016,Fri,6943,5.630000114,5.630000114,0.0,0.079999998,0.660000026,4.869999886,0.0,1,16,207,682,2859
530,4702921684,5/7/2016,Sat,14370,11.64999962,11.64999962,0.0,0.370000005,2.309999943,8.970000267,0.0,5,46,439,577,3683
531,4702921684,5/8/2016,Sun,12857,10.43000031,10.43000031,0.0,0.680000007,6.210000038,3.539999962,0.0,9,125,192,1019,3287
532,4702921684,5/9/2016,Mon,8232,6.679999828,6.679999828,0.0,0.0,0.569999993,6.099999905,0.0,0,12,253,746,2990
533,4702921684,5/10/2016,Tue,10613,8.609999657,8.609999657,0.0,0.079999998,1.879999995,6.650000095,0.0,1,37,262,701,3172
534,4702921684,5/11/2016,Wed,9810,7.960000038,7.960000038,0.0,0.779999971,2.160000086,4.980000019,0.0,10,41,235,784,3069
535,4702921684,5/12/2016,Thu,2752,2.230000019,2.230000019,0.0,0.0,0.0,2.230000019,0.0,0,0,68,241,1240
536,5553957443,4/12/2016,Tue,11596,7.570000172,7.570000172,0.0,1.370000005,0.790000021,5.409999847,0.0,19,13,277,767,2026
537,5553957443,4/13/2016,Wed,4832,3.160000086,3.160000086,0.0,0.0,0.0,3.160000086,0.0,0,0,226,647,1718
538,5553957443,4/14/2016,Thu,17022,11.11999989,11.11999989,0.0,4.0,2.450000048,4.670000076,0.0,61,41,256,693,2324
539,5553957443,4/15/2016,Fri,16556,10.85999966,10.85999966,0.0,4.159999847,1.980000019,4.710000038,0.0,58,38,239,689,2254
540,5553957443,4/16/2016,Sat,5771,3.769999981,3.769999981,0.0,0.0,0.0,3.769999981,0.0,0,0,288,521,1831
541,5553957443,4/17/2016,Sun,655,0.430000007,0.430000007,0.0,0.0,0.0,0.430000007,0.0,0,0,46,943,1397
542,5553957443,4/18/2016,Mon,3727,2.430000067,2.430000067,0.0,0.0,0.0,2.430000067,0.0,0,0,206,622,1683
543,5553957443,4/19/2016,Tue,15482,10.10999966,10.10999966,0.0,4.28000021,1.659999967,4.179999828,0.0,69,28,249,756,2284
544,5553957443,4/20/2016,Wed,2713,1.769999981,1.769999981,0.0,0.0,0.0,1.769999981,0.0,0,0,148,598,1570
545,5553957443,4/21/2016,Thu,12346,8.06000042,8.06000042,0.0,2.950000048,2.160000086,2.960000038,0.0,47,42,177,801,2066
546,5553957443,4/22/2016,Fri,11682,7.630000114,7.630000114,0.0,1.379999995,0.629999995,5.599999905,0.0,25,16,270,781,2105
547,5553957443,4/23/2016,Sat,4112,2.690000057,2.690000057,0.0,0.0,0.0,2.680000067,0.0,0,0,272,443,1776
548,5553957443,4/24/2016,Sun,1807,1.179999948,1.179999948,0.0,0.0,0.0,1.179999948,0.0,0,0,104,582,1507
549,5553957443,4/25/2016,Mon,10946,7.190000057,7.190000057,0.0,2.930000067,0.569999993,3.690000057,0.0,51,11,201,732,2033
550,5553957443,4/26/2016,Tue,11886,7.760000229,7.760000229,0.0,2.369999886,0.930000007,4.460000038,0.0,40,18,238,750,2093
551,5553957443,4/27/2016,Wed,10538,6.880000114,6.880000114,0.0,1.139999986,1.0,4.739999771,0.0,16,16,206,745,1922
552,5553957443,4/28/2016,Thu,11393,7.630000114,7.630000114,0.0,3.710000038,0.75,3.170000076,0.0,49,13,165,727,1999
553,5553957443,4/29/2016,Fri,12764,8.329999924,8.329999924,0.0,2.789999962,0.639999986,4.909999847,0.0,46,15,270,709,2169
554,5553957443,4/30/2016,Sat,1202,0.779999971,0.779999971,0.0,0.0,0.0,0.779999971,0.0,0,0,84,506,1463
555,5553957443,5/1/2016,Sun,5164,3.369999886,3.369999886,0.0,0.0,0.0,3.369999886,0.0,0,0,237,436,1747
556,5553957443,5/2/2016,Mon,9769,6.380000114,6.380000114,0.0,1.059999943,0.409999996,4.900000095,0.0,23,9,227,724,1996
557,5553957443,5/3/2016,Tue,12848,8.390000343,8.390000343,0.0,1.5,1.200000048,5.679999828,0.0,26,29,247,812,2116
558,5553957443,5/4/2016,Wed,4249,2.769999981,2.769999981,0.0,0.0,0.0,2.769999981,0.0,0,0,224,651,1698
559,5553957443,5/5/2016,Thu,14331,9.510000229,9.510000229,0.0,3.430000067,1.659999967,4.429999828,0.0,44,29,241,692,2156
560,5553957443,5/6/2016,Fri,9632,6.289999962,6.289999962,0.0,1.519999981,0.540000021,4.230000019,0.0,21,9,229,761,1916
561,5553957443,5/7/2016,Sat,1868,1.220000029,1.220000029,0.0,0.0,0.0,1.220000029,0.0,0,0,96,902,1494
562,5553957443,5/8/2016,Sun,6083,4.0,4.0,0.0,0.219999999,0.469999999,3.299999952,0.0,3,8,210,505,1762
563,5553957443,5/9/2016,Mon,11611,7.579999924,7.579999924,0.0,2.130000114,0.889999986,4.559999943,0.0,59,22,251,667,2272
564,5553957443,5/10/2016,Tue,16358,10.71000004,10.71000004,0.0,3.869999886,1.610000014,5.199999809,0.0,61,40,265,707,2335
565,5553957443,5/11/2016,Wed,4926,3.220000029,3.220000029,0.0,0.0,0.0,3.220000029,0.0,0,0,195,628,1693
566,5553957443,5/12/2016,Thu,3121,2.039999962,2.039999962,0.0,0.579999983,0.400000006,1.059999943,0.0,8,6,48,222,741
567,5577150313,4/12/2016,Tue,8135,6.079999924,6.079999924,0.0,3.599999905,0.379999995,2.099999905,0.0,86,16,140,728,3405
568,5577150313,4/13/2016,Wed,5077,3.789999962,3.789999962,0.0,0.319999993,0.219999999,3.25,0.0,15,11,144,776,2551
569,5577150313,4/14/2016,Thu,8596,6.420000076,6.420000076,0.0,3.329999924,0.310000002,2.779999971,0.0,118,30,176,662,4022
570,5577150313,4/15/2016,Fri,12087,9.079999924,9.079999924,0.0,3.920000076,1.600000024,3.559999943,0.0,115,54,199,695,4005
571,5577150313,4/16/2016,Sat,14269,10.65999985,10.65999985,0.0,6.639999866,1.279999971,2.730000019,0.0,184,56,158,472,4274
572,5577150313,4/17/2016,Sun,12231,9.140000343,9.140000343,0.0,5.980000019,0.829999983,2.319999933,0.0,200,37,159,525,4552
573,5577150313,4/18/2016,Mon,9893,7.389999866,7.389999866,0.0,4.860000134,0.720000029,1.820000052,0.0,114,32,130,623,3625
574,5577150313,4/19/2016,Tue,12574,9.420000076,9.420000076,0.0,7.019999981,0.639999986,1.75999999,0.0,108,23,111,733,3501
575,5577150313,4/20/2016,Wed,8330,6.21999979,6.21999979,0.0,4.119999886,0.340000004,1.75999999,0.0,87,16,113,773,3192
576,5577150313,4/21/2016,Thu,10830,8.090000153,8.090000153,0.0,3.650000095,1.659999967,2.779999971,0.0,110,74,175,670,4018
577,5577150313,4/22/2016,Fri,9172,6.849999905,6.849999905,0.0,2.420000076,0.790000021,3.299999952,0.0,62,30,200,823,3329
578,5577150313,4/23/2016,Sat,7638,5.710000038,5.710000038,0.0,1.210000038,0.360000014,4.139999866,0.0,24,24,223,627,3152
579,5577150313,4/24/2016,Sun,15764,11.77999973,11.77999973,0.0,7.650000095,2.150000095,1.980000019,0.0,210,65,141,425,4392
580,5577150313,4/25/2016,Mon,6393,4.78000021,4.78000021,0.0,1.350000024,0.670000017,2.75999999,0.0,61,38,214,743,3374
581,5577150313,4/26/2016,Tue,5325,3.980000019,3.980000019,0.0,0.850000024,0.649999976,2.470000029,0.0,38,32,181,759,3088
582,5577150313,4/27/2016,Wed,6805,5.139999866,5.139999866,0.0,1.809999943,0.400000006,2.930000067,0.0,63,16,190,773,3294
583,5577150313,4/28/2016,Thu,9841,7.429999828,7.429999828,0.0,3.25,1.169999957,3.00999999,0.0,99,51,141,692,3580
584,5577150313,4/29/2016,Fri,7924,5.920000076,5.920000076,0.0,2.839999914,0.610000014,2.470000029,0.0,97,36,165,739,3544
585,5577150313,4/30/2016,Sat,12363,9.239999771,9.239999771,0.0,5.829999924,0.790000021,2.609999895,0.0,207,45,163,621,4501
586,5577150313,5/1/2016,Sun,13368,9.989999771,9.989999771,0.0,5.309999943,1.440000057,3.24000001,0.0,194,72,178,499,4546
587,5577150313,5/2/2016,Mon,7439,5.559999943,5.559999943,0.0,1.120000005,0.349999994,4.070000172,0.0,37,20,235,732,3014
588,5577150313,5/3/2016,Tue,11045,8.25,8.25,0.0,4.519999981,0.150000006,3.569999933,0.0,97,8,212,580,3795
589,5577150313,5/4/2016,Wed,5206,3.890000105,3.890000105,0.0,1.559999943,0.25,2.079999924,0.0,25,9,141,631,2755
590,5577150313,5/5/2016,Thu,7550,5.639999866,5.639999866,0.0,2.5,0.469999999,2.670000076,0.0,45,21,143,1153,3004
591,5577150313,5/6/2016,Fri,4950,3.700000048,3.700000048,0.0,1.929999948,0.319999993,1.450000048,0.0,41,16,79,1304,2643
594,5577150313,5/9/2016,Mon,3421,2.559999943,2.559999943,0.0,1.429999948,0.140000001,0.99000001,0.0,34,11,70,1099,2489
595,5577150313,5/10/2016,Tue,8869,6.650000095,6.650000095,0.0,2.559999943,0.75,3.349999905,0.0,104,37,194,639,3841
596,5577150313,5/11/2016,Wed,4038,3.039999962,3.039999962,0.0,1.830000043,0.300000012,0.889999986,0.0,45,15,63,257,1665
600,6117666160,4/15/2016,Fri,14019,10.59000015,10.59000015,0.0,0.0,0.280000001,10.30000019,0.0,0,6,513,921,2865
601,6117666160,4/16/2016,Sat,14450,10.90999985,10.90999985,0.0,0.579999983,0.850000024,9.479999542,0.0,7,15,518,502,2828
602,6117666160,4/17/2016,Sun,7150,5.400000095,5.400000095,0.0,0.0,0.0,5.400000095,0.0,0,0,312,702,2225
603,6117666160,4/18/2016,Mon,5153,3.910000086,3.910000086,0.0,0.0,0.0,3.890000105,0.0,0,0,241,759,2018
604,6117666160,4/19/2016,Tue,11135,8.409999847,8.409999847,0.0,0.0,0.0,8.409999847,0.0,0,0,480,425,2606
605,6117666160,4/20/2016,Wed,10449,8.020000458,8.020000458,0.0,2.029999971,0.479999989,5.519999981,0.0,26,10,349,587,2536
606,6117666160,4/21/2016,Thu,19542,15.01000023,15.01000023,0.0,0.980000019,0.400000006,5.619999886,0.0,11,19,294,579,4900
607,6117666160,4/22/2016,Fri,8206,6.199999809,6.199999809,0.0,0.0,0.0,6.199999809,0.0,0,0,402,413,2409
608,6117666160,4/23/2016,Sat,11495,8.680000305,8.680000305,0.0,0.0,0.0,8.680000305,0.0,0,0,512,468,2651
609,6117666160,4/24/2016,Sun,7623,5.760000229,5.760000229,0.0,0.0,0.0,5.760000229,0.0,0,0,362,711,2305
611,6117666160,4/26/2016,Tue,9543,7.210000038,7.210000038,0.0,0.0,0.340000004,6.869999886,0.0,0,7,352,1077,2450
612,6117666160,4/27/2016,Wed,9411,7.110000134,7.110000134,0.0,0.0,0.0,7.110000134,0.0,0,0,458,417,2576
613,6117666160,4/28/2016,Thu,3403,2.599999905,2.599999905,0.0,0.0,0.0,2.599999905,0.0,0,0,141,758,1879
614,6117666160,4/29/2016,Fri,9592,7.239999771,7.239999771,0.0,0.0,0.0,7.239999771,0.0,0,0,461,479,2560
615,6117666160,4/30/2016,Sat,6987,5.28000021,5.28000021,0.0,0.0,0.0,5.28000021,0.0,0,0,343,1040,2275
616,6117666160,5/1/2016,Sun,8915,6.730000019,6.730000019,0.0,0.0,0.0,6.730000019,0.0,0,0,397,525,2361
617,6117666160,5/2/2016,Mon,4933,3.730000019,3.730000019,0.0,0.0,0.0,3.730000019,0.0,0,0,236,1204,2044
619,6117666160,5/4/2016,Wed,2997,2.25999999,2.25999999,0.0,0.0,0.0,2.25999999,0.0,0,0,156,1279,1902
620,6117666160,5/5/2016,Thu,9799,7.400000095,7.400000095,0.0,0.0,0.0,7.400000095,0.0,0,0,487,479,2636
621,6117666160,5/6/2016,Fri,3365,2.680000067,2.680000067,0.0,0.0,0.0,2.680000067,0.0,0,0,133,673,1838
622,6117666160,5/7/2016,Sat,7336,5.539999962,5.539999962,0.0,0.0,0.0,5.539999962,0.0,0,0,412,456,2469
623,6117666160,5/8/2016,Sun,7328,5.53000021,5.53000021,0.0,0.0,0.0,5.53000021,0.0,0,0,318,517,2250
624,6117666160,5/9/2016,Mon,4477,3.380000114,3.380000114,0.0,0.0,0.0,3.380000114,0.0,0,0,197,125,1248
625,6290855005,4/12/2016,Tue,4562,3.450000048,3.450000048,0.0,0.0,0.0,3.450000048,0.0,0,0,199,1241,2560
626,6290855005,4/13/2016,Wed,7142,5.400000095,5.400000095,0.0,0.0,0.0,5.389999866,0.01,0,0,350,1090,2905
627,6290855005,4/14/2016,Thu,7671,5.800000191,5.800000191,0.0,0.0,0.0,5.769999981,0.029999999,0,0,363,1077,2952
628,6290855005,4/15/2016,Fri,9501,7.179999828,7.179999828,0.0,0.0,0.0,7.170000076,0.01,0,0,328,1112,2896
629,6290855005,4/16/2016,Sat,8301,6.28000021,6.28000021,0.0,0.0,0.0,6.269999981,0.01,0,0,258,1182,2783
630,6290855005,4/17/2016,Sun,7851,5.940000057,5.940000057,0.0,1.139999986,0.790000021,4.0,0.0,31,12,225,1172,3171
631,6290855005,4/18/2016,Mon,6885,5.210000038,5.210000038,0.0,0.0,0.0,5.190000057,0.02,0,0,271,1169,2766
632,6290855005,4/19/2016,Tue,7142,5.400000095,5.400000095,0.0,0.0,0.0,5.389999866,0.01,0,0,321,1119,2839
633,6290855005,4/20/2016,Wed,6361,4.809999943,4.809999943,0.0,0.0,0.0,4.800000191,0.01,0,0,258,1182,2701
635,6290855005,4/22/2016,Fri,6238,4.71999979,4.71999979,0.0,0.0,0.0,4.71999979,0.0,0,0,302,1138,2796
637,6290855005,4/24/2016,Sun,5896,4.460000038,4.460000038,0.0,0.0,0.0,4.460000038,0.0,0,0,258,1182,2703
638,6290855005,4/25/2016,Mon,7802,5.900000095,5.900000095,0.0,0.680000007,0.180000007,5.03000021,0.01,8,3,249,1180,2771
640,6290855005,4/27/2016,Wed,5565,4.210000038,4.210000038,0.0,0.0,0.0,4.179999828,0.029999999,0,0,287,1153,2743
641,6290855005,4/28/2016,Thu,5731,4.329999924,4.329999924,0.0,0.0,0.0,4.329999924,0.0,0,0,255,1185,2687
643,6290855005,4/30/2016,Sat,6744,5.099999905,5.099999905,0.0,0.0,0.0,5.090000153,0.01,0,0,324,1116,2843
644,6290855005,5/1/2016,Sun,9837,7.440000057,7.440000057,0.0,0.660000026,2.75,4.0,0.02,8,95,282,1055,3327
645,6290855005,5/2/2016,Mon,6781,5.130000114,5.130000114,0.0,0.0,0.0,5.110000134,0.02,0,0,268,1172,2725
646,6290855005,5/3/2016,Tue,6047,4.570000172,4.570000172,0.0,0.0,0.0,4.570000172,0.0,0,0,240,1200,2671
647,6290855005,5/4/2016,Wed,5832,4.409999847,4.409999847,0.0,0.0,0.0,4.400000095,0.01,0,0,272,1168,2718
648,6290855005,5/5/2016,Thu,6339,4.789999962,4.789999962,0.0,0.0,0.0,4.789999962,0.0,0,0,239,1201,2682
649,6290855005,5/6/2016,Fri,6116,4.619999886,4.619999886,0.0,0.0,0.0,4.590000153,0.029999999,0,0,305,1135,2806
650,6290855005,5/7/2016,Sat,5510,4.170000076,4.170000076,0.0,0.0,0.0,4.159999847,0.0,0,0,227,1213,2613
651,6290855005,5/8/2016,Sun,7706,5.829999924,5.829999924,0.0,0.0,0.0,5.820000172,0.0,0,0,251,1189,2712
652,6290855005,5/9/2016,Mon,6277,4.75,4.75,0.0,0.0,0.0,4.730000019,0.02,0,0,264,800,2175
655,6775888955,4/13/2016,Wed,4053,2.910000086,2.910000086,0.0,1.110000014,0.579999983,1.220000029,0.0,17,18,85,1053,2400
656,6775888955,4/14/2016,Thu,5162,3.700000048,3.700000048,0.0,0.870000005,0.860000014,1.970000029,0.0,14,24,105,863,2507
657,6775888955,4/15/2016,Fri,1282,0.920000017,0.920000017,0.0,0.0,0.0,0.920000017,0.0,0,0,58,976,2127
658,6775888955,4/16/2016,Sat,4732,3.390000105,3.390000105,0.0,2.519999981,0.810000002,0.059999999,0.0,36,18,9,1377,2225
659,6775888955,4/17/2016,Sun,2497,1.789999962,1.789999962,0.0,0.349999994,1.129999995,0.310000002,0.0,5,24,19,1392,2067
660,6775888955,4/18/2016,Mon,8294,5.949999809,5.949999809,0.0,2.0,0.769999981,3.170000076,0.0,30,31,146,1233,2798
662,6775888955,4/20/2016,Wed,10771,7.71999979,7.71999979,0.0,3.769999981,1.74000001,2.220000029,0.0,70,113,178,1079,3727
664,6775888955,4/22/2016,Fri,637,0.460000008,0.460000008,0.0,0.0,0.0,0.460000008,0.0,0,0,20,1420,1922
666,6775888955,4/24/2016,Sun,2153,1.539999962,1.539999962,0.0,0.769999981,0.620000005,0.150000006,0.0,11,18,11,1400,2053
667,6775888955,4/25/2016,Mon,6474,4.639999866,4.639999866,0.0,2.269999981,0.460000008,1.899999976,0.0,33,13,92,1302,2484
668,6775888955,4/26/2016,Tue,7091,5.269999981,5.269999981,1.959596038,3.480000019,0.870000005,0.730000019,0.0,42,30,47,1321,2584
670,6775888955,4/28/2016,Thu,703,0.5,0.5,0.0,0.059999999,0.200000003,0.239999995,0.0,2,13,15,1410,1993
672,6775888955,4/30/2016,Sat,2503,1.789999962,1.789999962,0.0,0.159999996,0.159999996,1.480000019,0.0,3,9,84,1344,2280
673,6775888955,5/1/2016,Sun,2487,1.779999971,1.779999971,0.0,0.479999989,0.620000005,0.680000007,0.0,9,34,50,1347,2319
678,6775888955,5/6/2016,Fri,4697,3.369999886,3.369999886,0.0,0.469999999,0.930000007,1.929999948,0.0,12,35,75,1318,2496
679,6775888955,5/7/2016,Sat,1967,1.409999967,1.409999967,0.0,0.129999995,0.239999995,1.049999952,0.0,2,5,49,551,1032
680,6962181067,4/12/2016,Tue,10199,6.739999771,6.739999771,0.0,3.400000095,0.829999983,2.50999999,0.0,50,14,189,796,1994
681,6962181067,4/13/2016,Wed,5652,3.74000001,3.74000001,0.0,0.569999993,1.210000038,1.960000038,0.0,8,24,142,548,1718
682,6962181067,4/14/2016,Thu,1551,1.029999971,1.029999971,0.0,0.0,0.0,1.029999971,0.0,0,0,86,862,1466
683,6962181067,4/15/2016,Fri,5563,3.680000067,3.680000067,0.0,0.0,0.0,3.680000067,0.0,0,0,217,837,1756
684,6962181067,4/16/2016,Sat,13217,8.739999771,8.739999771,0.0,3.660000086,0.189999998,4.880000114,0.0,50,3,280,741,2173
685,6962181067,4/17/2016,Sun,10145,6.710000038,6.710000038,0.0,0.330000013,0.680000007,5.690000057,0.0,5,13,295,634,2027
686,6962181067,4/18/2016,Mon,11404,7.539999962,7.539999962,0.0,0.829999983,2.390000105,4.320000172,0.0,13,42,238,689,2039
687,6962181067,4/19/2016,Tue,10742,7.099999905,7.099999905,0.0,2.099999905,2.130000114,2.869999886,0.0,35,41,195,659,2046
688,6962181067,4/20/2016,Wed,13928,9.550000191,9.550000191,0.0,4.28000021,0.189999998,5.090000153,0.0,48,4,297,639,2174
689,6962181067,4/21/2016,Thu,11835,9.710000038,7.880000114,4.081692219,3.99000001,2.099999905,3.50999999,0.109999999,53,27,214,708,2179
690,6962181067,4/22/2016,Fri,10725,7.090000153,7.090000153,0.0,1.769999981,1.549999952,3.769999981,0.0,30,33,240,659,2086
691,6962181067,4/23/2016,Sat,20031,13.23999977,13.23999977,0.0,4.199999809,2.0,7.039999962,0.0,58,41,347,484,2571
692,6962181067,4/24/2016,Sun,5029,3.319999933,3.319999933,0.0,0.0,0.0,3.319999933,0.0,0,0,199,720,1705
693,6962181067,4/25/2016,Mon,13239,9.270000458,9.079999924,2.785175085,3.019999981,1.679999948,4.460000038,0.100000001,35,31,282,637,2194
694,6962181067,4/26/2016,Tue,10433,6.900000095,6.900000095,0.0,2.579999924,0.419999987,3.900000095,0.0,36,7,254,680,2012
695,6962181067,4/27/2016,Wed,10320,6.820000172,6.820000172,0.0,0.550000012,2.019999981,4.25,0.0,7,38,279,697,2034
696,6962181067,4/28/2016,Thu,12627,8.350000381,8.350000381,0.0,2.50999999,0.239999995,5.590000153,0.0,38,8,288,621,2182
697,6962181067,4/29/2016,Fri,10762,7.110000134,7.110000134,0.0,0.819999993,0.479999989,5.809999943,0.0,12,15,369,645,2254
698,6962181067,4/30/2016,Sat,10081,6.659999847,6.659999847,0.0,2.24000001,0.75999999,3.670000076,0.0,32,16,237,731,2002
699,6962181067,5/1/2016,Sun,5454,3.609999895,3.609999895,0.0,0.0,0.0,3.609999895,0.0,0,0,215,722,1740
700,6962181067,5/2/2016,Mon,12912,8.539999962,8.539999962,0.0,1.200000048,2.0,5.340000153,0.0,18,39,313,655,2162
701,6962181067,5/3/2016,Tue,12109,8.119999886,8.119999886,0.0,1.74000001,2.039999962,4.329999924,0.0,21,36,267,654,2072
702,6962181067,5/4/2016,Wed,10147,6.710000038,6.710000038,0.0,0.469999999,1.679999948,4.550000191,0.0,15,36,284,683,2086
703,6962181067,5/5/2016,Thu,10524,6.960000038,6.960000038,0.0,0.99000001,1.159999967,4.809999943,0.0,14,22,305,591,2066
704,6962181067,5/6/2016,Fri,5908,3.910000086,3.910000086,0.0,0.0,0.0,3.910000086,0.0,0,0,299,717,1850
705,6962181067,5/7/2016,Sat,6815,4.5,4.5,0.0,0.0,0.0,4.5,0.0,0,0,328,745,1947
706,6962181067,5/8/2016,Sun,4188,2.769999981,2.769999981,0.0,0.0,0.519999981,2.25,0.0,0,14,151,709,1659
707,6962181067,5/9/2016,Mon,12342,8.720000267,8.680000305,3.167821884,3.900000095,1.179999948,3.650000095,0.0,43,21,231,607,2105
708,6962181067,5/10/2016,Tue,15448,10.21000004,10.21000004,0.0,3.470000029,1.75,4.989999771,0.0,62,34,275,626,2361
709,6962181067,5/11/2016,Wed,6722,4.440000057,4.440000057,0.0,1.49000001,0.310000002,2.650000095,0.0,24,7,199,709,1855
710,6962181067,5/12/2016,Thu,3587,2.369999886,2.369999886,0.0,0.0,0.25,2.109999895,0.0,0,8,105,127,928
711,7007744171,4/12/2016,Tue,14172,10.28999996,9.479999542,4.869782925,4.5,0.379999995,5.409999847,0.0,53,8,355,1024,2937
712,7007744171,4/13/2016,Wed,12862,9.649999619,8.600000381,4.851306915,4.610000134,0.560000002,4.480000019,0.0,56,22,261,1101,2742
713,7007744171,4/14/2016,Thu,11179,8.239999771,7.480000019,3.285414934,2.950000048,0.340000004,4.960000038,0.0,34,6,304,1096,2668
714,7007744171,4/15/2016,Fri,5273,3.529999971,3.529999971,0.0,0.0,0.0,3.529999971,0.0,0,0,202,1238,2098
715,7007744171,4/16/2016,Sat,4631,3.099999905,3.099999905,0.0,0.0,0.0,3.099999905,0.0,0,0,203,1155,2076
716,7007744171,4/17/2016,Sun,8059,5.389999866,5.389999866,0.0,0.0,0.0,5.389999866,0.0,0,0,305,1135,2383
717,7007744171,4/18/2016,Mon,14816,10.97999954,9.909999847,4.930550098,3.789999962,2.119999886,5.050000191,0.02,48,31,284,1077,2832
718,7007744171,4/19/2016,Tue,14194,10.47999954,9.5,4.94214201,4.409999847,0.75999999,5.309999943,0.0,53,17,304,1066,2812
719,7007744171,4/20/2016,Wed,15566,11.31000042,10.40999985,4.924840927,4.789999962,0.670000017,5.860000134,0.0,60,33,347,1000,3096
720,7007744171,4/21/2016,Thu,13744,9.18999958,9.18999958,0.0,2.150000095,1.870000005,5.170000076,0.0,30,34,327,1049,2763
721,7007744171,4/22/2016,Fri,15299,10.23999977,10.23999977,0.0,4.099999905,1.75999999,4.369999886,0.0,64,50,261,1065,2889
722,7007744171,4/23/2016,Sat,8093,5.409999847,5.409999847,0.0,0.129999995,1.129999995,4.150000095,0.0,2,25,223,1190,2284
723,7007744171,4/24/2016,Sun,11085,7.420000076,7.420000076,0.0,0.0,0.0,7.420000076,0.0,0,0,419,1021,2667
724,7007744171,4/25/2016,Mon,18229,13.34000015,12.19999981,4.861792088,4.309999943,1.370000005,7.670000076,0.0,51,24,379,986,3055
725,7007744171,4/26/2016,Tue,15090,10.10000038,10.10000038,0.0,0.930000007,0.939999998,8.229999542,0.0,16,22,424,978,2939
726,7007744171,4/27/2016,Wed,13541,10.22000027,9.06000042,4.885604858,4.269999981,0.660000026,5.289999962,0.0,50,12,337,1041,2830
727,7007744171,4/28/2016,Thu,15128,10.11999989,10.11999989,0.0,1.090000033,0.769999981,8.260000229,0.0,16,16,401,1007,2836
728,7007744171,4/29/2016,Fri,20067,14.30000019,13.42000008,4.911146164,4.309999943,2.049999952,7.949999809,0.0,55,42,382,961,3180
729,7007744171,4/30/2016,Sat,3761,2.519999981,2.519999981,0.0,0.0,0.0,2.519999981,0.0,0,0,200,1240,2051
730,7007744171,5/1/2016,Sun,5600,3.75,3.75,0.0,0.0,0.0,3.75,0.0,0,0,237,1142,2225
731,7007744171,5/2/2016,Mon,13041,9.180000305,8.720000267,2.832325935,4.639999866,0.699999988,3.829999924,0.0,64,14,250,1112,2642
732,7007744171,5/3/2016,Tue,14510,10.86999989,9.710000038,4.912367821,4.480000019,1.019999981,5.360000134,0.0,58,31,330,1021,2976
734,7007744171,5/5/2016,Thu,15010,11.10000038,10.03999996,4.878232002,4.329999924,1.289999962,5.480000019,0.0,53,23,317,1047,2933
735,7007744171,5/6/2016,Fri,11459,7.670000076,7.670000076,0.0,3.0,0.810000002,3.859999895,0.0,44,13,247,1136,2553
737,7086361926,4/12/2016,Tue,11317,8.409999847,8.409999847,0.0,5.269999981,0.150000006,2.970000029,0.0,59,6,153,745,2772
738,7086361926,4/13/2016,Wed,5813,3.619999886,3.619999886,0.0,0.560000002,0.209999993,2.839999914,0.0,31,26,155,744,2516
739,7086361926,4/14/2016,Thu,9123,6.119999886,6.119999886,0.0,2.029999971,0.330000013,3.660000086,0.0,35,32,189,787,2734
740,7086361926,4/15/2016,Fri,8585,5.670000076,5.670000076,0.0,2.039999962,1.110000014,2.529999971,0.0,30,21,139,864,2395
743,7086361926,4/18/2016,Mon,9827,6.710000038,6.710000038,0.0,3.170000076,1.220000029,2.309999943,0.0,61,51,114,1136,2743
744,7086361926,4/19/2016,Tue,10688,7.289999962,7.289999962,0.0,3.529999971,1.230000019,2.50999999,0.0,67,69,124,671,2944
745,7086361926,4/20/2016,Wed,14365,10.64000034,10.64000034,0.0,7.639999866,0.449999988,2.539999962,0.0,87,13,145,797,2997
746,7086361926,4/21/2016,Thu,9469,6.179999828,6.179999828,0.0,1.360000014,0.300000012,4.510000229,0.0,19,6,206,758,2463
747,7086361926,4/22/2016,Fri,9753,6.53000021,6.53000021,0.0,2.869999886,0.970000029,2.670000076,0.0,58,59,153,762,2846
748,7086361926,4/23/2016,Sat,2817,1.809999943,1.809999943,0.0,0.0,0.0,1.799999952,0.0,0,0,90,1350,1965
749,7086361926,4/24/2016,Sun,3520,2.160000086,2.160000086,0.0,0.0,0.0,2.150000095,0.0,0,0,125,566,2049
750,7086361926,4/25/2016,Mon,10091,6.820000172,6.820000172,0.0,3.75,0.699999988,2.369999886,0.0,69,39,129,706,2752
751,7086361926,4/26/2016,Tue,10387,7.070000172,7.070000172,0.0,4.159999847,0.769999981,2.119999886,0.0,70,33,132,726,2781
752,7086361926,4/27/2016,Wed,11107,8.340000153,8.340000153,0.0,5.630000114,0.180000007,2.529999971,0.0,55,6,145,829,2693
753,7086361926,4/28/2016,Thu,11584,7.800000191,7.800000191,0.0,2.789999962,1.639999986,3.359999895,0.0,54,48,161,810,2862
754,7086361926,4/29/2016,Fri,7881,4.949999809,4.949999809,0.0,0.49000001,0.449999988,4.0,0.0,24,36,182,1198,2616
755,7086361926,4/30/2016,Sat,14560,9.409999847,9.409999847,0.0,3.119999886,1.039999962,5.239999771,0.0,42,17,308,584,2995
756,7086361926,5/1/2016,Sun,12390,8.069999695,8.069999695,0.0,2.299999952,0.899999976,4.849999905,0.0,30,15,258,685,2730
757,7086361926,5/2/2016,Mon,10052,6.809999943,6.809999943,0.0,3.480000019,0.660000026,2.660000086,0.0,66,26,139,737,2754
758,7086361926,5/3/2016,Tue,10288,6.760000229,6.760000229,0.0,2.74000001,0.850000024,3.160000086,0.0,57,36,152,761,2754
759,7086361926,5/4/2016,Wed,10988,8.31000042,8.31000042,0.0,5.28000021,0.119999997,2.900000095,0.0,45,12,135,843,2655
760,7086361926,5/5/2016,Thu,8564,5.599999905,5.599999905,0.0,1.779999971,0.829999983,2.950000048,0.0,24,14,149,1253,2386
761,7086361926,5/6/2016,Fri,12461,8.380000114,8.380000114,0.0,3.819999933,1.429999948,3.119999886,0.0,84,35,154,834,2924
762,7086361926,5/7/2016,Sat,12827,8.479999542,8.479999542,0.0,1.460000038,2.329999924,4.679999828,0.0,20,42,209,621,2739
763,7086361926,5/8/2016,Sun,10677,7.099999905,7.099999905,0.0,2.309999943,1.529999971,3.25,0.0,32,27,147,695,2534
764,7086361926,5/9/2016,Mon,13566,9.109999657,9.109999657,0.0,4.260000229,1.710000038,3.119999886,0.0,67,50,171,743,2960
765,7086361926,5/10/2016,Tue,14433,10.78999996,10.78999996,0.0,7.110000134,1.200000048,2.450000048,0.0,72,23,106,1182,2800
766,7086361926,5/11/2016,Wed,9572,6.519999981,6.519999981,0.0,2.890000105,1.389999986,2.230000019,0.0,57,40,128,757,2735
767,7086361926,5/12/2016,Thu,3789,2.559999943,2.559999943,0.0,0.379999995,0.270000011,1.889999986,0.0,5,4,58,343,1199
768,8053475328,4/12/2016,Tue,18060,14.11999989,14.11999989,0.0,11.64000034,0.389999986,2.099999905,0.0,116,8,123,1193,3186
769,8053475328,4/13/2016,Wed,16433,13.35000038,13.35000038,0.0,10.43000031,0.469999999,2.450000048,0.0,95,12,156,1177,3140
770,8053475328,4/14/2016,Thu,20159,15.97000027,15.97000027,0.0,12.34000015,0.209999993,3.359999895,0.0,119,5,193,1123,3411
771,8053475328,4/15/2016,Fri,20669,16.23999977,16.23999977,0.0,13.26000023,0.389999986,2.589999914,0.0,132,8,158,1142,3410
772,8053475328,4/16/2016,Sat,14549,11.10999966,11.10999966,0.0,9.359999657,0.270000011,1.49000001,0.0,96,6,83,1255,2867
773,8053475328,4/17/2016,Sun,18827,13.68999958,13.68999958,0.0,9.239999771,0.800000012,3.640000105,0.0,111,21,195,1113,3213
774,8053475328,4/18/2016,Mon,17076,12.65999985,12.65999985,0.0,9.079999924,0.230000004,3.349999905,0.0,102,6,195,1137,3133
775,8053475328,4/19/2016,Tue,15929,12.47999954,12.47999954,0.0,9.220000267,0.310000002,2.950000048,0.0,90,7,191,1152,3114
776,8053475328,4/20/2016,Wed,15108,12.18999958,12.18999958,0.0,9.579999924,0.230000004,2.380000114,0.0,89,5,158,695,3043
777,8053475328,4/21/2016,Thu,16057,12.51000023,12.51000023,0.0,9.670000076,0.25,2.579999924,0.0,100,6,170,1164,3103
778,8053475328,4/22/2016,Fri,10520,8.289999962,8.289999962,0.0,6.260000229,0.150000006,1.879999995,0.0,60,3,117,1260,2655
779,8053475328,4/23/2016,Sat,22359,17.19000053,17.19000053,0.0,12.53999996,0.629999995,4.019999981,0.0,125,14,223,741,3554
780,8053475328,4/24/2016,Sun,22988,17.95000076,17.95000076,0.0,13.13000011,1.549999952,3.25999999,0.0,129,33,182,1096,3577
781,8053475328,4/25/2016,Mon,20500,15.68999958,15.68999958,0.0,11.36999989,0.460000008,3.859999895,0.0,118,9,209,1104,3403
782,8053475328,4/26/2016,Tue,12685,9.619999886,9.619999886,0.0,6.309999943,0.200000003,3.099999905,0.0,68,5,185,1182,2846
783,8053475328,4/27/2016,Wed,12422,9.819999695,9.819999695,0.0,6.460000038,0.430000007,2.930000067,0.0,60,10,183,1187,2852
784,8053475328,4/28/2016,Thu,15447,12.39999962,12.39999962,0.0,9.670000076,0.389999986,2.349999905,0.0,90,9,153,1188,3062
785,8053475328,4/29/2016,Fri,12315,9.649999619,9.649999619,0.0,6.170000076,0.310000002,3.170000076,0.0,58,8,159,1215,2794
786,8053475328,4/30/2016,Sat,7135,5.590000153,5.590000153,0.0,2.99000001,0.059999999,2.539999962,0.0,27,1,131,1281,2408
787,8053475328,5/1/2016,Sun,1170,0.850000024,0.850000024,0.0,0.0,0.0,0.850000024,0.0,0,0,51,1389,1886
788,8053475328,5/2/2016,Mon,1969,1.429999948,1.429999948,0.0,0.0,0.0,1.429999948,0.0,0,0,95,1345,1988
789,8053475328,5/3/2016,Tue,15484,11.89999962,11.89999962,0.0,8.390000343,0.930000007,2.589999914,0.0,87,22,165,1166,3023
790,8053475328,5/4/2016,Wed,14581,11.14999962,11.14999962,0.0,8.819999695,0.400000006,1.909999967,0.0,89,8,123,1220,2918
791,8053475328,5/5/2016,Thu,14990,11.51000023,11.51000023,0.0,8.850000381,0.449999988,2.210000038,0.0,93,9,130,1208,2950
792,8053475328,5/6/2016,Fri,13953,11.0,11.0,0.0,9.100000381,0.689999998,1.210000038,0.0,90,15,90,1245,2859
793,8053475328,5/7/2016,Sat,19769,15.67000008,15.67000008,0.0,12.43999958,0.879999995,2.349999905,0.0,121,20,148,1076,3331
794,8053475328,5/8/2016,Sun,22026,17.64999962,17.64999962,0.0,13.39999962,0.589999974,3.660000086,0.0,125,14,228,1073,3589
795,8053475328,5/9/2016,Mon,12465,9.380000114,9.380000114,0.0,6.119999886,0.569999993,2.690000057,0.0,66,12,148,1214,2765
796,8053475328,5/10/2016,Tue,14810,11.35999966,11.35999966,0.0,9.090000153,0.419999987,1.850000024,0.0,96,10,115,1219,2926
797,8053475328,5/11/2016,Wed,12209,9.399999619,9.399999619,0.0,6.079999924,0.280000001,3.039999962,0.0,60,7,184,1189,2809
798,8053475328,5/12/2016,Thu,4998,3.910000086,3.910000086,0.0,2.950000048,0.200000003,0.75999999,0.0,28,4,39,839,1505
799,8253242879,4/12/2016,Tue,9033,7.159999847,7.159999847,0.0,5.429999828,0.140000001,1.590000033,0.0,40,2,154,1244,2044
800,8253242879,4/13/2016,Wed,8053,6.099999905,6.099999905,0.0,4.170000076,0.629999995,1.309999943,0.0,35,11,96,1298,1935
801,8253242879,4/14/2016,Thu,5234,3.460000038,3.460000038,0.0,1.929999948,0.99000001,0.540000021,0.0,29,16,33,1362,1705
802,8253242879,4/15/2016,Fri,2672,1.769999981,1.769999981,0.0,0.0,0.0,1.75999999,0.0,0,0,105,1335,1632
803,8253242879,4/16/2016,Sat,9256,6.139999866,6.139999866,0.0,0.430000007,3.269999981,2.450000048,0.0,6,51,115,1268,1880
804,8253242879,4/17/2016,Sun,10204,7.909999847,7.909999847,0.0,5.429999828,0.150000006,2.329999924,0.0,41,5,157,1237,2112
805,8253242879,4/18/2016,Mon,5151,3.480000019,3.480000019,0.0,1.039999962,0.629999995,1.799999952,0.0,16,16,130,1278,1829
806,8253242879,4/19/2016,Tue,4212,2.779999971,2.779999971,0.0,0.0,0.0,2.779999971,0.0,0,0,164,1276,1763
807,8253242879,4/20/2016,Wed,6466,4.269999981,4.269999981,0.0,0.330000013,0.819999993,3.109999895,0.01,5,18,216,1201,1931
808,8253242879,4/21/2016,Thu,11268,8.56000042,8.56000042,0.0,5.880000114,0.930000007,1.75,0.0,49,20,172,1199,2218
809,8253242879,4/22/2016,Fri,2824,1.870000005,1.870000005,0.0,0.0,0.0,1.870000005,0.0,0,0,120,1320,1651
810,8253242879,4/23/2016,Sat,9282,6.260000229,6.260000229,0.0,2.089999914,1.039999962,3.130000114,0.0,30,26,191,1193,2132
811,8253242879,4/24/2016,Sun,8905,7.130000114,7.130000114,0.0,5.599999905,0.189999998,1.340000033,0.0,41,4,82,1313,1976
812,8253242879,4/25/2016,Mon,6829,4.510000229,4.510000229,0.0,0.360000014,2.390000105,1.769999981,0.0,7,54,118,1261,1909
813,8253242879,4/26/2016,Tue,4562,3.039999962,3.039999962,0.0,1.179999948,0.49000001,1.370000005,0.0,19,14,108,1299,1813
814,8253242879,4/27/2016,Wed,10232,8.180000305,8.180000305,0.0,6.239999771,0.230000004,1.700000048,0.0,45,5,104,1286,2008
815,8253242879,4/28/2016,Thu,2718,1.799999952,1.799999952,0.0,0.670000017,0.779999971,0.340000004,0.0,11,16,20,1393,1580
816,8253242879,4/29/2016,Fri,6260,4.260000229,4.260000229,0.0,1.289999962,0.540000021,2.400000095,0.0,16,14,136,1257,1854
818,8378563200,4/12/2016,Tue,7626,6.050000191,6.050000191,2.253081083,0.829999983,0.709999979,4.5,0.0,65,15,156,723,3635
819,8378563200,4/13/2016,Wed,12386,9.819999695,9.819999695,2.092147112,4.960000038,0.649999976,4.210000038,0.0,116,14,169,680,4079
820,8378563200,4/14/2016,Thu,13318,10.56000042,10.56000042,2.253081083,5.619999886,1.029999971,3.910000086,0.0,123,21,174,699,4163
821,8378563200,4/15/2016,Fri,14461,11.47000027,11.47000027,0.0,4.909999847,1.149999976,5.409999847,0.0,60,23,190,729,3666
822,8378563200,4/16/2016,Sat,11207,8.890000343,8.890000343,0.0,5.369999886,1.070000052,2.440000057,0.0,64,21,142,563,3363
823,8378563200,4/17/2016,Sun,2132,1.690000057,1.690000057,0.0,0.0,0.0,1.690000057,0.0,0,0,93,599,2572
824,8378563200,4/18/2016,Mon,13630,10.81000042,10.81000042,2.092147112,5.050000191,0.560000002,5.199999809,0.0,117,10,174,720,4157
825,8378563200,4/19/2016,Tue,13070,10.35999966,10.35999966,2.253081083,5.300000191,0.879999995,4.179999828,0.0,120,19,154,737,4092
826,8378563200,4/20/2016,Wed,9388,7.440000057,7.440000057,2.092147112,2.230000019,0.439999998,4.78000021,0.0,82,8,169,763,3787
827,8378563200,4/21/2016,Thu,15148,12.01000023,12.01000023,2.253081083,6.900000095,0.819999993,4.289999962,0.0,137,16,145,677,4236
828,8378563200,4/22/2016,Fri,12200,9.670000076,9.670000076,2.092147112,4.909999847,0.589999974,4.179999828,0.0,113,12,159,769,4044
829,8378563200,4/23/2016,Sat,5709,4.53000021,4.53000021,0.0,1.519999981,0.519999981,2.480000019,0.0,19,10,136,740,2908
830,8378563200,4/24/2016,Sun,3703,2.940000057,2.940000057,0.0,0.0,0.0,2.940000057,0.0,0,0,135,734,2741
831,8378563200,4/25/2016,Mon,12405,9.840000153,9.840000153,2.092147112,5.050000191,0.870000005,3.920000076,0.0,117,16,141,692,4005
832,8378563200,4/26/2016,Tue,16208,12.85000038,12.85000038,0.0,7.510000229,0.920000017,4.420000076,0.0,90,18,161,593,3763
833,8378563200,4/27/2016,Wed,7359,5.840000153,5.840000153,0.0,0.330000013,0.180000007,5.329999924,0.0,4,4,192,676,3061
834,8378563200,4/28/2016,Thu,5417,4.300000191,4.300000191,0.0,0.899999976,0.49000001,2.910000086,0.0,11,10,139,711,2884
835,8378563200,4/29/2016,Fri,6175,4.900000095,4.900000095,0.0,0.25,0.360000014,4.269999981,0.0,3,7,172,767,2982
836,8378563200,4/30/2016,Sat,2946,2.339999914,2.339999914,0.0,0.0,0.0,2.339999914,0.0,0,0,121,780,2660
837,8378563200,5/1/2016,Sun,11419,9.06000042,9.06000042,0.0,6.03000021,0.560000002,2.470000029,0.0,71,10,127,669,3369
838,8378563200,5/2/2016,Mon,6064,4.809999943,4.809999943,2.092147112,0.629999995,0.170000002,4.010000229,0.0,63,4,142,802,3491
839,8378563200,5/3/2016,Tue,8712,6.909999847,6.909999847,2.253081083,1.340000033,1.059999943,4.5,0.0,71,20,195,822,3784
840,8378563200,5/4/2016,Wed,7875,6.239999771,6.239999771,0.0,1.559999943,0.49000001,4.199999809,0.0,19,10,167,680,3110
841,8378563200,5/5/2016,Thu,8567,6.789999962,6.789999962,2.253081083,0.889999986,0.159999996,5.739999771,0.0,66,3,214,764,3783
842,8378563200,5/6/2016,Fri,7045,5.590000153,5.590000153,2.092147112,1.549999952,0.25,3.779999971,0.0,74,5,166,831,3644
843,8378563200,5/7/2016,Sat,4468,3.539999962,3.539999962,0.0,0.0,0.0,3.539999962,0.0,0,0,158,851,2799
844,8378563200,5/8/2016,Sun,2943,2.329999924,2.329999924,0.0,0.0,0.0,2.329999924,0.0,0,0,139,621,2685
845,8378563200,5/9/2016,Mon,8382,6.650000095,6.650000095,2.092147112,1.269999981,0.660000026,4.71999979,0.0,71,13,171,772,3721
846,8378563200,5/10/2016,Tue,6582,5.21999979,5.21999979,2.253081083,0.660000026,0.639999986,3.920000076,0.0,63,13,152,840,3586
847,8378563200,5/11/2016,Wed,9143,7.25,7.25,2.092147112,1.389999986,0.589999974,5.269999981,0.0,72,10,184,763,3788
848,8378563200,5/12/2016,Thu,4561,3.619999886,3.619999886,0.0,0.649999976,0.270000011,2.690000057,0.0,8,6,102,433,1976
849,8583815059,4/12/2016,Tue,5014,3.910000086,3.910000086,0.0,0.0,0.330000013,3.579999924,0.0,0,7,196,1237,2650
850,8583815059,4/13/2016,Wed,5571,4.349999905,4.349999905,0.0,0.150000006,0.970000029,3.230000019,0.0,2,23,163,1252,2654
851,8583815059,4/14/2016,Thu,3135,2.450000048,2.450000048,0.0,0.0,0.0,2.430000067,0.0,0,0,134,1306,2443
852,8583815059,4/15/2016,Fri,3430,2.680000067,2.680000067,0.0,0.0,0.0,0.899999976,0.0,0,0,65,1375,2505
853,8583815059,4/16/2016,Sat,5319,4.150000095,4.150000095,0.0,0.0,0.0,0.0,0.0,0,0,0,1440,2693
854,8583815059,4/17/2016,Sun,3008,2.349999905,2.349999905,0.0,0.0,0.0,0.0,0.0,0,0,0,1440,2439
855,8583815059,4/18/2016,Mon,3864,3.00999999,3.00999999,0.0,0.310000002,1.059999943,1.350000024,0.0,4,22,105,1309,2536
856,8583815059,4/19/2016,Tue,5697,4.440000057,4.440000057,0.0,0.529999971,0.479999989,3.440000057,0.0,7,10,166,1257,2668
857,8583815059,4/20/2016,Wed,5273,4.110000134,4.110000134,0.0,0.0,1.039999962,3.069999933,0.0,0,27,167,1246,2647
858,8583815059,4/21/2016,Thu,8538,6.659999847,6.659999847,0.0,2.630000114,1.019999981,3.00999999,0.0,35,18,158,1229,2883
859,8583815059,4/22/2016,Fri,8687,6.78000021,6.78000021,0.0,0.289999992,2.410000086,4.079999924,0.0,4,54,212,1170,2944
860,8583815059,4/23/2016,Sat,9423,7.349999905,7.349999905,0.0,0.529999971,2.029999971,4.75,0.0,7,44,238,1151,3012
861,8583815059,4/24/2016,Sun,8286,6.460000038,6.460000038,0.0,0.150000006,2.049999952,4.269999981,0.0,2,44,206,1188,2889
862,8583815059,4/25/2016,Mon,4503,3.50999999,3.50999999,0.0,1.470000029,0.239999995,1.809999943,0.0,18,6,122,1294,2547
863,8583815059,4/26/2016,Tue,10499,8.18999958,8.18999958,0.0,0.07,4.21999979,3.890000105,0.0,1,91,214,1134,3093
864,8583815059,4/27/2016,Wed,12474,9.729999542,9.729999542,0.0,6.599999905,0.270000011,2.869999886,0.0,77,5,129,1229,3142
865,8583815059,4/28/2016,Thu,6174,4.820000172,4.820000172,0.0,0.0,1.200000048,3.609999895,0.0,0,28,203,1209,2757
866,8583815059,4/29/2016,Fri,15168,11.82999992,11.82999992,0.0,3.900000095,3.0,4.920000076,0.0,46,67,258,1069,3513
867,8583815059,4/30/2016,Sat,10085,7.869999886,7.869999886,0.0,0.150000006,1.279999971,6.429999828,0.0,2,28,317,1093,3164
868,8583815059,5/1/2016,Sun,4512,3.519999981,3.519999981,0.0,0.779999971,0.119999997,2.039999962,0.0,10,2,117,1311,2596
869,8583815059,5/2/2016,Mon,8469,6.610000134,6.610000134,0.0,0.0,0.0,0.0,0.0,0,0,0,1440,2894
870,8583815059,5/3/2016,Tue,12015,9.369999886,9.369999886,0.0,0.0,0.0,0.0,0.0,0,0,0,1440,3212
871,8583815059,5/4/2016,Wed,3588,2.799999952,2.799999952,0.0,0.0,0.0,0.0,0.0,0,0,0,1440,2516
872,8583815059,5/5/2016,Thu,12427,9.68999958,9.68999958,0.0,0.0,0.0,1.179999948,0.0,0,0,70,1370,3266
873,8583815059,5/6/2016,Fri,5843,4.559999943,4.559999943,0.0,0.140000001,1.190000057,3.230000019,0.0,2,22,166,1250,2683
874,8583815059,5/7/2016,Sat,6117,4.769999981,4.769999981,0.0,0.0,0.0,4.769999981,0.0,0,0,250,1190,2810
875,8583815059,5/8/2016,Sun,9217,7.190000057,7.190000057,0.0,0.219999999,3.309999943,3.660000086,0.0,3,72,182,1183,2940
876,8583815059,5/9/2016,Mon,9877,7.699999809,7.699999809,0.0,5.760000229,0.170000002,1.730000019,0.0,66,4,110,1260,2947
877,8583815059,5/10/2016,Tue,8240,6.429999828,6.429999828,0.0,0.689999998,2.00999999,3.720000029,0.0,9,43,162,1226,2846
878,8583815059,5/11/2016,Wed,8701,6.789999962,6.789999962,0.0,0.370000005,3.24000001,3.170000076,0.0,5,71,177,1106,2804
880,8792009665,4/12/2016,Tue,2564,1.639999986,1.639999986,0.0,0.0,0.0,1.639999986,0.0,0,0,116,831,2044
881,8792009665,4/13/2016,Wed,1320,0.839999974,0.839999974,0.0,0.0,0.0,0.839999974,0.0,0,0,82,806,1934
882,8792009665,4/14/2016,Thu,1219,0.779999971,0.779999971,0.0,0.0,0.0,0.779999971,0.0,0,0,84,853,1963
883,8792009665,4/15/2016,Fri,2483,1.590000033,1.590000033,0.0,0.0,0.0,1.590000033,0.0,0,0,126,937,2009
888,8792009665,4/20/2016,Wed,3147,2.00999999,2.00999999,0.0,0.0,0.280000001,1.74000001,0.0,0,10,139,744,2188
890,8792009665,4/22/2016,Fri,4068,2.599999905,2.599999905,0.0,0.050000001,0.280000001,2.269999981,0.0,1,20,195,817,2419
891,8792009665,4/23/2016,Sat,5245,3.359999895,3.359999895,0.0,0.159999996,0.439999998,2.75,0.0,8,45,232,795,2748
894,8792009665,4/26/2016,Tue,1321,0.850000024,0.850000024,0.0,0.0,0.0,0.850000024,0.0,0,0,80,1360,1928
895,8792009665,4/27/2016,Wed,1758,1.129999995,1.129999995,0.0,0.0,0.0,1.129999995,0.0,0,0,112,900,2067
896,8792009665,4/28/2016,Thu,6157,3.940000057,3.940000057,0.0,0.0,0.0,3.940000057,0.0,0,0,310,714,2780
897,8792009665,4/29/2016,Fri,8360,5.349999905,5.349999905,0.0,0.140000001,0.280000001,4.929999828,0.0,6,14,380,634,3101
898,8792009665,4/30/2016,Sat,7174,4.590000153,4.590000153,0.0,0.330000013,0.360000014,3.910000086,0.0,10,20,301,749,2896
899,8792009665,5/1/2016,Sun,1619,1.039999962,1.039999962,0.0,0.0,0.0,1.039999962,0.0,0,0,79,834,1962
900,8792009665,5/2/2016,Mon,1831,1.169999957,1.169999957,0.0,0.0,0.0,1.169999957,0.0,0,0,101,916,2015
901,8792009665,5/3/2016,Tue,2421,1.549999952,1.549999952,0.0,0.0,0.0,1.549999952,0.0,0,0,156,739,2297
902,8792009665,5/4/2016,Wed,2283,1.460000038,1.460000038,0.0,0.0,0.0,1.460000038,0.0,0,0,129,848,2067
909,8877689391,4/12/2016,Tue,23186,20.39999962,20.39999962,0.0,12.22000027,0.340000004,7.820000172,0.0,85,7,312,1036,3921
910,8877689391,4/13/2016,Wed,15337,9.579999924,9.579999924,0.0,3.549999952,0.379999995,5.639999866,0.0,108,18,216,1098,3566
911,8877689391,4/14/2016,Thu,21129,18.97999954,18.97999954,0.0,10.55000019,0.589999974,7.75,0.02,68,13,298,1061,3793
912,8877689391,4/15/2016,Fri,13422,7.170000076,7.170000076,0.0,0.050000001,0.050000001,7.010000229,0.01,106,1,281,1052,3934
913,8877689391,4/16/2016,Sat,29326,25.29000092,25.29000092,0.0,13.23999977,1.210000038,10.71000004,0.0,94,29,429,888,4547
914,8877689391,4/17/2016,Sun,15118,8.869999886,8.869999886,0.0,0.0,0.07,8.789999962,0.0,58,15,307,1060,3545
915,8877689391,4/18/2016,Mon,11423,8.670000076,8.670000076,0.0,2.440000057,0.270000011,5.940000057,0.0,29,5,191,1215,2761
916,8877689391,4/19/2016,Tue,18785,17.39999962,17.39999962,0.0,12.14999962,0.180000007,5.03000021,0.0,82,13,214,1131,3676
917,8877689391,4/20/2016,Wed,19948,18.11000061,18.11000061,0.0,11.02000046,0.689999998,6.340000153,0.0,73,19,225,1123,3679
918,8877689391,4/21/2016,Thu,19377,17.62000084,17.62000084,0.0,12.28999996,0.419999987,4.889999866,0.0,82,13,226,1119,3659
919,8877689391,4/22/2016,Fri,18258,16.30999947,16.30999947,0.0,10.22999954,0.029999999,5.96999979,0.050000001,61,2,236,1141,3427
920,8877689391,4/23/2016,Sat,11200,7.429999828,7.429999828,0.0,0.0,0.0,7.400000095,0.01,102,6,300,1032,3891
921,8877689391,4/24/2016,Sun,16674,15.73999977,15.73999977,0.0,11.01000023,0.01,4.690000057,0.0,64,1,227,1148,3455
922,8877689391,4/25/2016,Mon,12986,8.739999771,8.739999771,0.0,2.369999886,0.07,6.269999981,0.01,113,8,218,1101,3802
923,8877689391,4/26/2016,Tue,11101,8.430000305,8.430000305,0.0,1.75999999,0.129999995,6.5,0.0,22,3,258,1157,2860
924,8877689391,4/27/2016,Wed,23629,20.64999962,20.64999962,0.0,13.06999969,0.439999998,7.099999905,0.0,93,8,235,1104,3808
925,8877689391,4/28/2016,Thu,14890,11.30000019,11.30000019,0.0,4.929999828,0.379999995,5.96999979,0.0,58,8,231,1143,3060
926,8877689391,4/29/2016,Fri,9733,7.389999866,7.389999866,0.0,1.379999995,0.170000002,5.789999962,0.0,18,5,210,1207,2698
927,8877689391,4/30/2016,Sat,27745,26.71999931,26.71999931,0.0,21.65999985,0.079999998,4.929999828,0.0,124,4,223,1089,4398
928,8877689391,5/1/2016,Sun,10930,8.319999695,8.319999695,0.0,3.130000114,0.569999993,4.570000172,0.0,36,12,166,1226,2786
929,8877689391,5/2/2016,Mon,4790,3.640000105,3.640000105,0.0,0.0,0.0,3.559999943,0.0,0,0,105,1335,2189
930,8877689391,5/3/2016,Tue,10818,8.210000038,8.210000038,0.0,1.389999986,0.100000001,6.670000076,0.01,19,3,229,1189,2817
931,8877689391,5/4/2016,Wed,18193,16.29999924,16.29999924,0.0,10.42000008,0.310000002,5.53000021,0.0,66,8,212,1154,3477
932,8877689391,5/5/2016,Thu,14055,10.67000008,10.67000008,0.0,5.460000038,0.819999993,4.369999886,0.0,67,15,188,1170,3052
933,8877689391,5/6/2016,Fri,21727,19.34000015,19.34000015,0.0,12.78999996,0.289999992,6.159999847,0.0,96,17,232,1095,4015
934,8877689391,5/7/2016,Sat,12332,8.130000114,8.130000114,0.0,0.079999998,0.959999979,6.989999771,0.0,105,28,271,1036,4142
935,8877689391,5/8/2016,Sun,10686,8.109999657,8.109999657,0.0,1.080000043,0.200000003,6.800000191,0.0,17,4,245,1174,2847
936,8877689391,5/9/2016,Mon,20226,18.25,18.25,0.0,11.10000038,0.800000012,6.239999771,0.050000001,73,19,217,1131,3710
937,8877689391,5/10/2016,Tue,10733,8.149999619,8.149999619,0.0,1.350000024,0.460000008,6.28000021,0.0,18,11,224,1187,2832
938,8877689391,5/11/2016,Wed,21420,19.55999947,19.55999947,0.0,13.22000027,0.409999996,5.889999866,0.0,88,12,213,1127,3832
939,8877689391,5/12/2016,Thu,8064,6.119999886,6.119999886,0.0,1.820000052,0.039999999,4.25,0.0,23,1,137,770,1849
